Workbook

Sheet Bilogito
A2: Consideraremos los últimos 30 años de información históricas de las TEF(años 1990-2019)
A4: Paso 1:
A5: Tasas Específicas de Fecundidad
A7: Edad / Año | B7: 1990 | C7: 1991 | D7: 1992 | E7: 1993 | F7: 1994 | G7: 1995 | H7: 1996 | I7: 1997 | J7: 1998 | K7: 1999 | L7: 2000 | M7: 2001 | N7: 2002 | O7: 2003 | P7: 2004 | Q7: 2005 | R7: 2006 | S7: 2007 | T7: 2008 | U7: 2009 | V7: 2010 | W7: 2011 | X7: 2012 | Y7: 2013 | Z7: 2014 | AA7: 2015 | AB7: 2016 | AC7: 2017 | AD7: 2018 | AE7: 2019
A8: 15-19 | B8: 0.09023316 | C8: 0.08979424 | D8: 0.08932138 | E8: 0.08859282 | F8: 0.08766908 | G8: 0.08677621 | H8: 0.08609792 | I8: 0.08556392 | J8: 0.08498493 | K8: 0.08427989 | L8: 0.08349368 | M8: 0.08261784 | N8: 0.08165239 | O8: 0.08057568 | P8: 0.07951613 | Q8: 0.07866721 | R8: 0.0781937 | S8: 0.07811569 | T8: 0.07832146 | U8: 0.07853459 | V8: 0.07851286 | W8: 0.07811843 | X8: 0.07731792 | Y8: 0.0761322 | Z8: 0.07449598 | AA8: 0.07238167 | AB8: 0.06984584 | AC8: 0.06796853 | AD8: 0.06677473 | AE8: 0.06510769
A9: 20-24 | B9: 0.19252694 | C9: 0.18921925 | D9: 0.18490077 | E9: 0.18028378 | F9: 0.17554268 | G9: 0.17052035 | H9: 0.1658955 | I9: 0.16256274 | J9: 0.16123892 | K9: 0.16084347 | L9: 0.15935642 | M9: 0.15632101 | N9: 0.15253087 | O9: 0.14862856 | P9: 0.14550888 | Q9: 0.14303838 | R9: 0.1415167 | S9: 0.1407791 | T9: 0.14025658 | U9: 0.13938419 | V9: 0.13760848 | W9: 0.13467939 | X9: 0.13128821 | Y9: 0.1284531 | Z9: 0.12598377 | AA9: 0.12279641 | AB9: 0.11835452 | AC9: 0.11431439 | AD9: 0.11174587 | AE9: 0.10918104
A10: 25-29 | B10: 0.18786406 | C10: 0.18361131 | D10: 0.17843484 | E10: 0.17291133 | F10: 0.16773778 | G10: 0.16233992 | H10: 0.15729666 | I10: 0.15299309 | J10: 0.15003626 | K10: 0.14878475 | L10: 0.14676963 | M10: 0.14358071 | N10: 0.13925581 | O10: 0.13553115 | P10: 0.13289515 | Q10: 0.13106013 | R10: 0.12938509 | S10: 0.12747225 | T10: 0.12534487 | U10: 0.12293889 | V10: 0.1199081 | W10: 0.11661816 | X10: 0.11323161 | Y10: 0.11083061 | Z10: 0.10937845 | AA10: 0.10808481 | AB10: 0.10631725 | AC10: 0.10479963 | AD10: 0.10434263 | AE10: 0.10335688
A11: 30-34 | B11: 0.13976904 | C11: 0.13612701 | D11: 0.13245527 | E11: 0.1281178 | F11: 0.12291038 | G11: 0.11778294 | H11: 0.1124164 | I11: 0.10854243 | J11: 0.10639692 | K11: 0.10530112 | L11: 0.10363379 | M11: 0.10123952 | N11: 0.0987826 | O11: 0.09697878 | P11: 0.0956492 | Q11: 0.09409987 | R11: 0.09231686 | S11: 0.09041309 | T11: 0.08850897 | U11: 0.08637259 | V11: 0.08377685 | W11: 0.08125763 | X11: 0.07898553 | Y11: 0.07764304 | Z11: 0.07660369 | AA11: 0.0757819 | AB11: 0.07440186 | AC11: 0.07363489 | AD11: 0.07404502 | AE11: 0.07459631
A12: 35-39 | B12: 0.08509774 | C12: 0.08158901 | D12: 0.07779617 | E12: 0.0735229 | F12: 0.06941181 | G12: 0.06615753 | H12: 0.0635762 | I12: 0.06148906 | J12: 0.0598245 | K12: 0.05796869 | L12: 0.05583352 | M12: 0.05342551 | N12: 0.05104825 | O12: 0.04930388 | P12: 0.04800861 | Q12: 0.04717849 | R12: 0.04646381 | S12: 0.04580895 | T12: 0.04476403 | U12: 0.04333734 | V12: 0.04171267 | W12: 0.04024485 | X12: 0.03922929 | Y12: 0.03872453 | Z12: 0.03816502 | AA12: 0.03742746 | AB12: 0.03667245 | AC12: 0.03674568 | AD12: 0.03801536 | AE12: 0.03981781
A13: 40-44 | B13: 0.0304127 | C13: 0.02927691 | D13: 0.02822933 | E13: 0.02715302 | F13: 0.02593926 | G13: 0.0246199 | H13: 0.02329545 | I13: 0.02203625 | J13: 0.02081984 | K13: 0.01961677 | L13: 0.01849934 | M13: 0.01753568 | N13: 0.01671752 | O13: 0.01592369 | P13: 0.01511031 | Q13: 0.01432927 | R13: 0.01360875 | S13: 0.01294798 | T13: 0.01233668 | U13: 0.01176726 | V13: 0.01128652 | W13: 0.0109169 | X13: 0.01061137 | Y13: 0.01033281 | Z13: 0.01008408 | AA13: 0.00989097 | AB13: 0.00973493 | AC13: 0.00975029 | AD13: 0.0099845 | AE13: 0.01046752
A14: 45-49 | B14: 0.00663231 | C14: 0.00621261 | D14: 0.00582913 | E14: 0.00545396 | F14: 0.00507862 | G14: 0.00472149 | H14: 0.00438328 | I14: 0.00405361 | J14: 0.003716 | K14: 0.00337078 | L14: 0.00304746 | M14: 0.0027755 | N14: 0.00254005 | O14: 0.00231713 | P14: 0.0021162 | Q14: 0.00196466 | R14: 0.00184923 | S14: 0.00173315 | T14: 0.0015968 | U14: 0.00144317 | V14: 0.0012984 | W14: 0.0011786 | X14: 0.0010668 | Y14: 0.00095497 | Z14: 0.00086313 | AA14: 0.00081659 | AB14: 0.00080794 | AC14: 0.00082534 | AD14: 0.00087845 | AE14: 0.00101865
A16: Paso 2:
A17: Tasas Específicas de Fecundidad del patrón estándar
A19: Edad / Año | B19: Patrón estándar
A20: 15-19 | B20: =AVERAGE(B8:AE8) -> 0.079988592
A21: 20-24 | B21: =AVERAGE(B9:AE9) -> 0.14817534
A22: 25-29 | B22: =AVERAGE(B10:AE10) -> 0.13643706
A23: 30-34 | B23: =AVERAGE(B11:AE11) -> 0.097618043
A24: 35-39 | B24: =AVERAGE(B12:AE12) -> 0.052278704
A25: 40-44 | B25: =AVERAGE(B13:AE13) -> 0.016774527
A26: 45-49 | B26: =AVERAGE(B14:AE14) -> 0.0026848003
A28: Paso 3:
A29: Tasa Global de Fecundidad
A31: Año | B31: 1990 | C31: 1991 | D31: 1992 | E31: 1993 | F31: 1994 | G31: 1995 | H31: 1996 | I31: 1997 | J31: 1998 | K31: 1999 | L31: 2000 | M31: 2001 | N31: 2002 | O31: 2003 | P31: 2004 | Q31: 2005 | R31: 2006 | S31: 2007 | T31: 2008 | U31: 2009 | V31: 2010 | W31: 2011 | X31: 2012 | Y31: 2013 | Z31: 2014 | AA31: 2015 | AB31: 2016 | AC31: 2017 | AD31: 2018 | AE31: 2019
A32: TGF | B32: =5*SUM(B8:B14) -> 3.6626798 | C32: =5*SUM(C8:C14) -> 3.5791517 | D32: =5*SUM(D8:D14) -> 3.4848345 | E32: =5*SUM(E8:E14) -> 3.3801781 | F32: =5*SUM(F8:F14) -> 3.2714481 | G32: =5*SUM(G8:G14) -> 3.1645917 | H32: =5*SUM(H8:H14) -> 3.064807 | I32: =5*SUM(I8:I14) -> 2.9862055 | ... AE32: =5*SUM(AE8:AE14) -> 2.0177295
A33: TGF patrón estándar | B33: =AVERAGE(B32:AE32) -> 2.6697853
A35: Paso 4:
A36: Descendencias parciales (F(x))
A38: Edad / Año | B38: 1990 | C38: 1991 | D38: 1992 | E38: 1993 | F38: 1994 | G38: 1995 | H38: 1996 | I38: 1997 | J38: 1998 | K38: 1999 | L38: 2000 | M38: 2001 | N38: 2002 | O38: 2003 | P38: 2004 | Q38: 2005 | R38: 2006 | S38: 2007 | T38: 2008 | U38: 2009 | V38: 2010 | W38: 2011 | X38: 2012 | Y38: 2013 | Z38: 2014 | AA38: 2015 | AB38: 2016 | AC38: 2017 | AD38: 2018 | AE38: 2019
A39: 15-19
A40: 20-24 | B40: =5*B8 -> 0.4511658 | C40: =5*C8 -> 0.4489712 | D40: =5*D8 -> 0.4466069 | E40: =5*E8 -> 0.4429641 | F40: =5*F8 -> 0.4383454 | G40: =5*G8 -> 0.43388105 | H40: =5*H8 -> 0.4304896 | I40: =5*I8 -> 0.4278196 | ... AE40: =5*AE8 -> 0.32553845
A41: 25-29 | B41: =5*B9+B40 -> 1.4138005 | C41: =5*C9+C40 -> 1.3950674 | D41: =5*D9+D40 -> 1.3711108 | E41: =5*E9+E40 -> 1.344383 | F41: =5*F9+F40 -> 1.3160588 | G41: =5*G9+G40 -> 1.2864828 | H41: =5*H9+H40 -> 1.2599671 | I41: =5*I9+I40 -> 1.2406333 | ... AE41: =5*AE9+AE40 -> 0.87144365
A42: 30-34 | B42: =5*B10+B41 -> 2.3531208 | C42: =5*C10+C41 -> 2.313124 | D42: =5*D10+D41 -> 2.263285 | E42: =5*E10+E41 -> 2.2089397 | F42: =5*F10+F41 -> 2.1547477 | G42: =5*G10+G41 -> 2.0981824 | H42: =5*H10+H41 -> 2.0464504 | I42: =5*I10+I41 -> 2.0055987 | ... AE42: =5*AE10+AE41 -> 1.388228
A43: 35-39 | B43: =5*B11+B42 -> 3.051966 | C43: =5*C11+C42 -> 2.9937591 | D43: =5*D11+D42 -> 2.9255613 | E43: =5*E11+E42 -> 2.8495286 | F43: =5*F11+F42 -> 2.7692996 | G43: =5*G11+G42 -> 2.6870971 | H43: =5*H11+H42 -> 2.6085324 | I43: =5*I11+I42 -> 2.5483109 | ... AE43: =5*AE11+AE42 -> 1.7612096
A44: 40-44 | B44: =5*B12+B43 -> 3.4774547 | C44: =5*C12+C43 -> 3.4017041 | D44: =5*D12+D43 -> 3.3145421 | E44: =5*E12+E43 -> 3.2171432 | F44: =5*F12+F43 -> 3.1163586 | G44: =5*G12+G43 -> 3.0178847 | H44: =5*H12+H43 -> 2.9264134 | I44: =5*I12+I43 -> 2.8557562 | ... AE44: =5*AE12+AE43 -> 1.9602986
A45: 45-49 | B45: =5*B13+B44 -> 3.6295182 | C45: =5*C13+C44 -> 3.5480887 | D45: =5*D13+D44 -> 3.4556888 | E45: =5*E13+E44 -> 3.3529083 | F45: =5*F13+F44 -> 3.2460549 | G45: =5*G13+G44 -> 3.1409842 | H45: =5*H13+H44 -> 3.0428906 | I45: =5*I13+I44 -> 2.9659374 | ... AE45: =5*AE13+AE44 -> 2.0126362
A46: TGF | B46: =B32 -> 3.6626798 | C46: =C32 -> 3.5791517 | D46: =D32 -> 3.4848345 | E46: =E32 -> 3.3801781 | F46: =F32 -> 3.2714481 | G46: =G32 -> 3.1645917 | H46: =H32 -> 3.064807 | I46: =I32 -> 2.9862055 | ... AE46: =AE32 -> 2.0177295
A49: Proporción de la fecundidad global hasta la edad x (F(x)/TGF)
A51: Edad / Año | B51: 1990 | C51: 1991 | D51: 1992 | E51: 1993 | F51: 1994 | G51: 1995 | H51: 1996 | I51: 1997 | J51: 1998 | K51: 1999 | L51: 2000 | M51: 2001 | N51: 2002 | O51: 2003 | P51: 2004 | Q51: 2005 | R51: 2006 | S51: 2007 | T51: 2008 | U51: 2009 | V51: 2010 | W51: 2011 | X51: 2012 | Y51: 2013 | Z51: 2014 | AA51: 2015 | AB51: 2016 | AC51: 2017 | AD51: 2018 | AE51: 2019
A52: 15-19
A53: 20-24 | B53: =B40/B$46 -> 0.12317916 | C53: =C40/C$46 -> 0.12544067 | D53: =D40/D$46 -> 0.12815728 | E53: =E40/E$46 -> 0.13104756 | F53: =F40/F$46 -> 0.13399125 | G53: =G40/G$46 -> 0.13710491 | H53: =H40/H$46 -> 0.14046222 | I53: =I40/I$46 -> 0.14326529 | ... AE53: =AE40/AE$46 -> 0.161339
A54: 25-29 | B54: =B41/B$46 -> 0.38600167 | C54: =C41/C$46 -> 0.389776 | D54: =D41/D$46 -> 0.39345076 | E54: =E41/E$46 -> 0.3977255 | F54: =F41/F$46 -> 0.40228632 | G54: =G41/G$46 -> 0.4065241 | H54: =H41/H$46 -> 0.41110813 | I54: =I41/I$46 -> 0.41545476 | ... AE54: =AE41/AE$46 -> 0.4318932
A55: 30-34 | B55: =B42/B$46 -> 0.64245879 | C55: =C42/C$46 -> 0.64627716 | D55: =D42/D$46 -> 0.64946699 | E55: =E42/E$46 -> 0.65349802 | F55: =F42/F$46 -> 0.65865258 | G55: =G42/G$46 -> 0.66301836 | H55: =H42/H$46 -> 0.66772569 | I55: =I42/I$46 -> 0.67162114 | ... AE55: =AE42/AE$46 -> 0.68801494
A56: 35-39 | B56: =B43/B$46 -> 0.8332604 | C56: =C43/C$46 -> 0.83644374 | D56: =D43/D$46 -> 0.83951228 | E56: =E43/E$46 -> 0.84301141 | F56: =F43/F$46 -> 0.84650575 | G56: =G43/G$46 -> 0.84911336 | H56: =H43/H$46 -> 0.85112451 | I56: =I43/I$46 -> 0.85336086 | ... AE56: =AE43/AE$46 -> 0.87286705
A57: 40-44 | B57: =B44/B$46 -> 0.94942909 | C57: =C44/C$46 -> 0.95042188 | D57: =D44/D$46 -> 0.95113332 | E57: =E44/E$46 -> 0.95176736 | F57: =F44/F$46 -> 0.95259304 | G57: =G44/G$46 -> 0.95364111 | H57: =H44/H$46 -> 0.95484425 | I57: =I44/I$46 -> 0.95631603 | ... AE57: =AE44/AE$46 -> 0.97153689
A58: 45-49 | B58: =B45/B$46 -> 0.9909461 | C58: =C45/C$46 -> 0.99132111 | D58: =D45/D$46 -> 0.99163643 | E58: =E45/E$46 -> 0.99193244 | F58: =F45/F$46 -> 0.99223796 | G58: =G45/G$46 -> 0.99254013 | H58: =H45/H$46 -> 0.99284901 | I58: =I45/I$46 -> 0.99321277 | ... AE58: =AE45/AE$46 -> 0.99747575
A60: Paso 5:
A61: Bilogitos observados
A63: Edad / Año
A64: 15-19
A65: 20-24 | B65: =LN(-LN(B53)) -> 0.73913124 | C65: =LN(-LN(C53)) -> 0.73040556 | D65: =LN(-LN(D53)) -> 0.72003106 | E65: =LN(-LN(E53)) -> 0.70911646 | F65: =LN(-LN(F53)) -> 0.69812518 | G65: =LN(-LN(G53)) -> 0.68663044 | H65: =LN(-LN(H53)) -> 0.67438055 | I65: =LN(-LN(I53)) -> 0.6642626 | ... AE65: =LN(-LN(AE53)) -> 0.60116761
A66: 25-29 | B66: =LN(-LN(B54)) -> -0.049281022 | C66: =LN(-LN(C54)) -> -0.059555701 | D66: =LN(-LN(D54)) -> -0.069565148 | E66: =LN(-LN(E54)) -> -0.081217416 | F66: =LN(-LN(F54)) -> -0.093661217 | G66: =LN(-LN(G54)) -> -0.10523601 | H66: =LN(-LN(H54)) -> -0.11777165 | I66: =LN(-LN(I54)) -> -0.12967422 | ... AE66: =LN(-LN(AE54)) -> -0.17485715
A67: 30-34 | B67: =LN(-LN(B55)) -> -0.81542193 | C67: =LN(-LN(C55)) -> -0.82890545 | D67: =LN(-LN(D55)) -> -0.84024848 | E67: =LN(-LN(E55)) -> -0.85468828 | F67: =LN(-LN(F55)) -> -0.87332925 | G67: =LN(-LN(G55)) -> -0.88927741 | H67: =LN(-LN(H55)) -> -0.90664284 | I67: =LN(-LN(I55)) -> -0.92115034 | ... AE67: =LN(-LN(AE55)) -> -0.9836473
A68: 35-39 | B68: =LN(-LN(B56)) -> -1.7015034 | C68: =LN(-LN(C56)) -> -1.7226289 | D68: =LN(-LN(D56)) -> -1.7433455 | E68: =LN(-LN(E56)) -> -1.7674096 | F68: =LN(-LN(F56)) -> -1.7919298 | G68: =LN(-LN(G56)) -> -1.8105596 | H68: =LN(-LN(H56)) -> -1.825129 | I68: =LN(-LN(I56)) -> -1.8415417 | ... AE68: =LN(-LN(AE56)) -> -1.9953061
A69: 40-44 | B69: =LN(-LN(B57)) -> -2.9585437 | C69: =LN(-LN(C57)) -> -2.9788888 | D69: =LN(-LN(D57)) -> -2.9937135 | E69: =LN(-LN(E57)) -> -3.0071039 | F69: =LN(-LN(F57)) -> -3.0248008 | G69: =LN(-LN(G57)) -> -3.0477022 | H69: =LN(-LN(H57)) -> -3.0746232 | I69: =LN(-LN(I57)) -> -3.1085239 | ... AE69: =LN(-LN(AE57)) -> -3.5447433
A70: 45-49 | B70: =LN(-LN(B58)) -> -4.7000151 | C70: =LN(-LN(C58)) -> -4.7425069 | D70: =LN(-LN(D58)) -> -4.7796737 | E70: =LN(-LN(E58)) -> -4.8158564 | F70: =LN(-LN(F58)) -> -4.8546169 | G70: =LN(-LN(G58)) -> -4.8944754 | H70: =LN(-LN(H58)) -> -4.9369185 | I70: =LN(-LN(I58)) -> -4.9893098 | ... AE70: =LN(-LN(AE58)) -> -5.9805486
A71: TGF
A73: Paso 6:
A74: Descendencia parcial estándar (FS(x))
A76: Edad | B76: Estándar
A77: 15-19
A78: 20-24 | B78: =5*B20 -> 0.39994296
A79: 25-29 | B79: =5*B21+B78 -> 1.1408197
A80: 30-34 | B80: =5*B22+B79 -> 1.823005
A81: 35-39 | B81: =5*B23+B80 -> 2.3110952
A82: 40-44 | B82: =5*B24+B81 -> 2.5724887
A83: 45-49 | B83: =5*B25+B82 -> 2.6563613
A84: TGF | B84: =B33 -> 2.6697853
A87: Proporción de la fecundidad global hasta la edad x (FS(x)/TGFS)
A89: Edad | B89: Estándar
A90: 15-19
A91: 20-24 | B91: =B78/$B$84 -> 0.14980341
A92: 25-29 | B92: =B79/$B$84 -> 0.42730764
A93: 30-34 | B93: =B80/$B$84 -> 0.68282829
A94: 35-39 | B94: =B81/$B$84 -> 0.86564832
A95: 40-44 | B95: =B82/$B$84 -> 0.96355638
A96: 45-49 | B96: =B83/$B$84 -> 0.99497188
A99: Boligitos estándar
A101: Edad | B101: Estándar
A102: 15-19
A103: 20-24 | B103: =LN(-LN(B91)) -> 0.64102797
A104: 25-29 | B104: =LN(-LN(B92)) -> -0.16222361
A105: 30-34 | B105: =LN(-LN(B93)) -> -0.96361337
A106: 35-39 | B106: =LN(-LN(B94)) -> -1.9360233
A107: 40-44 | B107: =LN(-LN(B95)) -> -3.2934842
A108: 45-49 | B108: =LN(-LN(B96)) -> -5.2901897
A110: Paso 7:
A113: Año | B113: 1990 | C113: 1991 | D113: 1992 | E113: 1993 | F113: 1994 | G113: 1995 | H113: 1996 | I113: 1997 | J113: 1998 | K113: 1999 | L113: 2000 | M113: 2001 | N113: 2002 | O113: 2003 | P113: 2004 | Q113: 2005 | R113: 2006 | S113: 2007 | T113: 2008 | U113: 2009 | V113: 2010 | W113: 2011 | X113: 2012 | Y113: 2013 | Z113: 2014 | AA113: 2015 | AB113: 2016 | AC113: 2017 | AD113: 2018 | AE113: 2019
A114: V1O | B114: =AVERAGE(B65:B67) -> -0.041857238 | C114: =AVERAGE(C65:C67) -> -0.052685196 | D114: =AVERAGE(D65:D67) -> -0.063260856 | E114: =AVERAGE(E65:E67) -> -0.075596412 | F114: =AVERAGE(F65:F67) -> -0.089621763 | G114: =AVERAGE(G65:G67) -> -0.10262766 | H114: =AVERAGE(H65:H67) -> -0.11667798 | I114: =AVERAGE(I65:I67) -> -0.12885399 | ... AE114: =AVERAGE(AE65:AE67) -> -0.18577895
A115: V2O | B115: =AVERAGE(B68:B70) -> -3.1200208 | C115: =AVERAGE(C68:C70) -> -3.1480082 | D115: =AVERAGE(D68:D70) -> -3.1722442 | E115: =AVERAGE(E68:E70) -> -3.19679 | F115: =AVERAGE(F68:F70) -> -3.2237825 | G115: =AVERAGE(G68:G70) -> -3.2509124 | H115: =AVERAGE(H68:H70) -> -3.2788902 | I115: =AVERAGE(I68:I70) -> -3.3131251 | ... AE115: =AVERAGE(AE68:AE70) -> -3.8401993
A116: V1S | B116: =AVERAGE(B103:B105) -> -0.161603
A117: V2S | B117: =AVERAGE(B106:B108) -> -3.5065658
A119: Paso 8:
A120: Parámetros del modelo
A122: Año | B122: 1990 | C122: 1991 | D122: 1992 | E122: 1993 | F122: 1994 | G122: 1995 | H122: 1996 | I122: 1997 | J122: 1998 | K122: 1999 | L122: 2000 | M122: 2001 | N122: 2002 | O122: 2003 | P122: 2004 | Q122: 2005 | R122: 2006 | S122: 2007 | T122: 2008 | U122: 2009 | V122: 2010 | W122: 2011 | X122: 2012 | Y122: 2013 | Z122: 2014 | AA122: 2015 | AB122: 2016 | AC122: 2017 | AD122: 2018 | AE122: 2019
A123: b | B123: =(B115-B114)/($B$117-$B$116) -> 0.92023851 | C123: =(C115-C114)/($B$117-$B$116) -> 0.92536845 | D123: =(D115-D114)/($B$117-$B$116) -> 0.92945232 | E123: =(E115-E114)/($B$117-$B$116) -> 0.93310263 | F123: =(F115-F114)/($B$117-$B$116) -> 0.93697926 | G123: =(G115-G114)/($B$117-$B$116) -> 0.94120174 | H123: =(H115-H114)/($B$117-$B$116) -> 0.94536545 | I123: =(I115-I114)/($B$117-$B$116) -> 0.95196011 | ... AE123: =(AE115-AE114)/($B$117-$B$116) -> 1.0925145
A124: a | B124: =B114-B123*$B$116 -> 0.10685607 | C124: =C114-C123*$B$116 -> 0.096857123 | D124: =D114-D123*$B$116 -> 0.086941428 | E124: =E114-E123*$B$116 -> 0.075195773 | F124: =F114-F123*$B$116 -> 0.061796898 | G124: =G114-G123*$B$116 -> 0.049473366 | H124: =H114-H123*$B$116 -> 0.036095913 | I124: =I114-I123*$B$116 -> 0.024985626 | ... AE124: =AE114-AE123*$B$116 -> -0.009225323
A139: Paso 9:
A140: Bilogitos ajustados
A142: Edad / Año | B142: 1990 | C142: 1991 | D142: 1992 | E142: 1993 | F142: 1994 | G142: 1995 | H142: 1996 | I142: 1997 | J142: 1998 | K142: 1999 | L142: 2000 | M142: 2001 | N142: 2002 | O142: 2003 | P142: 2004 | Q142: 2005 | R142: 2006 | S142: 2007 | T142: 2008 | U142: 2009 | V142: 2010 | W142: 2011 | X142: 2012 | Y142: 2013 | Z142: 2014 | AA142: 2015 | AB142: 2016 | AC142: 2017 | AD142: 2018 | AE142: 2019
...

Sheet Bilogito-valores
A2: Consideraremos los últimos 30 años de información históricas de las TEF(años 1990-2019)
A4: Paso 1:
A5: Tasas Específicas de Fecundidad
A7: Edad / Año | B7: 1990 | C7: 1991 | D7: 1992 | E7: 1993 | F7: 1994 | G7: 1995 | H7: 1996 | I7: 1997 | J7: 1998 | K7: 1999 | L7: 2000 | M7: 2001 | N7: 2002 | O7: 2003 | P7: 2004 | Q7: 2005 | R7: 2006 | S7: 2007 | T7: 2008 | U7: 2009 | V7: 2010 | W7: 2011 | X7: 2012 | Y7: 2013 | Z7: 2014 | AA7: 2015 | AB7: 2016 | AC7: 2017 | AD7: 2018 | AE7: 2019
A8: 15-19 | B8: 0.09023316 | C8: 0.08979424 | D8: 0.08932138 | E8: 0.08859282 | F8: 0.08766908 | G8: 0.08677621 | H8: 0.08609792 | I8: 0.08556392 | J8: 0.08498493 | K8: 0.08427989 | L8: 0.08349368 | M8: 0.08261784 | N8: 0.08165239 | O8: 0.08057568 | P8: 0.07951613 | Q8: 0.07866721 | R8: 0.0781937 | S8: 0.07811569 | T8: 0.07832146 | U8: 0.07853459 | V8: 0.07851286 | W8: 0.07811843 | X8: 0.07731792 | Y8: 0.0761322 | Z8: 0.07449598 | AA8: 0.07238167 | AB8: 0.06984584 | AC8: 0.06796853 | AD8: 0.06677473 | AE8: 0.06510769
A9: 20-24 | B9: 0.19252694 | C9: 0.18921925 | D9: 0.18490077 | E9: 0.18028378 | F9: 0.17554268 | G9: 0.17052035 | H9: 0.1658955 | I9: 0.16256274 | J9: 0.16123892 | K9: 0.16084347 | L9: 0.15935642 | M9: 0.15632101 | N9: 0.15253087 | O9: 0.14862856 | P9: 0.14550888 | Q9: 0.14303838 | R9: 0.1415167 | S9: 0.1407791 | T9: 0.14025658 | U9: 0.13938419 | V9: 0.13760848 | W9: 0.13467939 | X9: 0.13128821 | Y9: 0.1284531 | Z9: 0.12598377 | AA9: 0.12279641 | AB9: 0.11835452 | AC9: 0.11431439 | AD9: 0.11174587 | AE9: 0.10918104
A10: 25-29 | B10: 0.18786406 | C10: 0.18361131 | D10: 0.17843484 | E10: 0.17291133 | F10: 0.16773778 | G10: 0.16233992 | H10: 0.15729666 | I10: 0.15299309 | J10: 0.15003626 | K10: 0.14878475 | L10: 0.14676963 | M10: 0.14358071 | N10: 0.13925581 | O10: 0.13553115 | P10: 0.13289515 | Q10: 0.13106013 | R10: 0.12938509 | S10: 0.12747225 | T10: 0.12534487 | U10: 0.12293889 | V10: 0.1199081 | W10: 0.11661816 | X10: 0.11323161 | Y10: 0.11083061 | Z10: 0.10937845 | AA10: 0.10808481 | AB10: 0.10631725 | AC10: 0.10479963 | AD10: 0.10434263 | AE10: 0.10335688
A11: 30-34 | B11: 0.13976904 | C11: 0.13612701 | D11: 0.13245527 | E11: 0.1281178 | F11: 0.12291038 | G11: 0.11778294 | H11: 0.1124164 | I11: 0.10854243 | J11: 0.10639692 | K11: 0.10530112 | L11: 0.10363379 | M11: 0.10123952 | N11: 0.0987826 | O11: 0.09697878 | P11: 0.0956492 | Q11: 0.09409987 | R11: 0.09231686 | S11: 0.09041309 | T11: 0.08850897 | U11: 0.08637259 | V11: 0.08377685 | W11: 0.08125763 | X11: 0.07898553 | Y11: 0.07764304 | Z11: 0.07660369 | AA11: 0.0757819 | AB11: 0.07440186 | AC11: 0.07363489 | AD11: 0.07404502 | AE11: 0.07459631
A12: 35-39 | B12: 0.08509774 | C12: 0.08158901 | D12: 0.07779617 | E12: 0.0735229 | F12: 0.06941181 | G12: 0.06615753 | H12: 0.0635762 | I12: 0.06148906 | J12: 0.0598245 | K12: 0.05796869 | L12: 0.05583352 | M12: 0.05342551 | N12: 0.05104825 | O12: 0.04930388 | P12: 0.04800861 | Q12: 0.04717849 | R12: 0.04646381 | S12: 0.04580895 | T12: 0.04476403 | U12: 0.04333734 | V12: 0.04171267 | W12: 0.04024485 | X12: 0.03922929 | Y12: 0.03872453 | Z12: 0.03816502 | AA12: 0.03742746 | AB12: 0.03667245 | AC12: 0.03674568 | AD12: 0.03801536 | AE12: 0.03981781
A13: 40-44 | B13: 0.0304127 | C13: 0.02927691 | D13: 0.02822933 | E13: 0.02715302 | F13: 0.02593926 | G13: 0.0246199 | H13: 0.02329545 | I13: 0.02203625 | J13: 0.02081984 | K13: 0.01961677 | L13: 0.01849934 | M13: 0.01753568 | N13: 0.01671752 | O13: 0.01592369 | P13: 0.01511031 | Q13: 0.01432927 | R13: 0.01360875 | S13: 0.01294798 | T13: 0.01233668 | U13: 0.01176726 | V13: 0.01128652 | W13: 0.0109169 | X13: 0.01061137 | Y13: 0.01033281 | Z13: 0.01008408 | AA13: 0.00989097 | AB13: 0.00973493 | AC13: 0.00975029 | AD13: 0.0099845 | AE13: 0.01046752
A14: 45-49 | B14: 0.00663231 | C14: 0.00621261 | D14: 0.00582913 | E14: 0.00545396 | F14: 0.00507862 | G14: 0.00472149 | H14: 0.00438328 | I14: 0.00405361 | J14: 0.003716 | K14: 0.00337078 | L14: 0.00304746 | M14: 0.0027755 | N14: 0.00254005 | O14: 0.00231713 | P14: 0.0021162 | Q14: 0.00196466 | R14: 0.00184923 | S14: 0.00173315 | T14: 0.0015968 | U14: 0.00144317 | V14: 0.0012984 | W14: 0.0011786 | X14: 0.0010668 | Y14: 0.00095497 | Z14: 0.00086313 | AA14: 0.00081659 | AB14: 0.00080794 | AC14: 0.00082534 | AD14: 0.00087845 | AE14: 0.00101865
A16: Paso 2:
A17: Tasas Específicas de Fecundidad del patrón estándar
A19: Edad / Año | B19: Patrón estándar
A20: 15-19 | B20: 0.079988592
A21: 20-24 | B21: 0.14817534
A22: 25-29 | B22: 0.13643706
A23: 30-34 | B23: 0.097618043
A24: 35-39 | B24: 0.052278704
A25: 40-44 | B25: 0.016774527
A26: 45-49 | B26: 0.0026848003
A28: Paso 3:
A29: Tasa Global de Fecundidad
A31: Año | B31: 1990 | C31: 1991 | D31: 1992 | E31: 1993 | F31: 1994 | G31: 1995 | H31: 1996 | I31: 1997 | J31: 1998 | K31: 1999 | L31: 2000 | M31: 2001 | N31: 2002 | O31: 2003 | P31: 2004 | Q31: 2005 | R31: 2006 | S31: 2007 | T31: 2008 | U31: 2009 | V31: 2010 | W31: 2011 | X31: 2012 | Y31: 2013 | Z31: 2014 | AA31: 2015 | AB31: 2016 | AC31: 2017 | AD31: 2018 | AE31: 2019
A32: TGF | B32: 3.6626798 | C32: 3.5791517 | D32: 3.4848345 | E32: 3.3801781 | F32: 3.2714481 | G32: 3.1645917 | H32: 3.064807 | I32: 2.9862055 | J32: 2.9350869 | K32: 2.9008273 | L32: 2.8531692 | M32: 2.7874789 | N32: 2.7126374 | O32: 2.6462944 | P32: 2.5940224 | Q32: 2.55169 | R32: 2.5166707 | S32: 2.4863511 | T32: 2.455647 | U32: 2.4188901 | V32: 2.3705194 | W32: 2.3150698 | X32: 2.2586536 | Y32: 2.2153563 | Z32: 2.1778706 | AA32: 2.135899 | AB32: 2.0806739 | AC32: 2.0401938 | AD32: 2.0289328 | AE32: 2.0177295
A33: TGF patrón estándar | B33: 2.6697853
A35: Paso 4:
A36: Descendencias parciales (F(x))
A38: Edad / Año | B38: 1990 | C38: 1991 | D38: 1992 | E38: 1993 | F38: 1994 | G38: 1995 | H38: 1996 | I38: 1997 | J38: 1998 | K38: 1999 | L38: 2000 | M38: 2001 | N38: 2002 | O38: 2003 | P38: 2004 | Q38: 2005 | R38: 2006 | S38: 2007 | T38: 2008 | U38: 2009 | V38: 2010 | W38: 2011 | X38: 2012 | Y38: 2013 | Z38: 2014 | AA38: 2015 | AB38: 2016 | AC38: 2017 | AD38: 2018 | AE38: 2019
A39: 15-19
A40: 20-24 | B40: 0.4511658 | C40: 0.4489712 | D40: 0.4466069 | E40: 0.4429641 | F40: 0.4383454 | G40: 0.43388105 | H40: 0.4304896 | I40: 0.4278196 | J40: 0.42492465 | K40: 0.42139945 | L40: 0.4174684 | M40: 0.4130892 | N40: 0.40826195 | O40: 0.4028784 | P40: 0.39758065 | Q40: 0.39333605 | R40: 0.3909685 | S40: 0.39057845 | T40: 0.3916073 | U40: 0.39267295 | V40: 0.3925643 | W40: 0.39059215 | X40: 0.3865896 | Y40: 0.380661 | Z40: 0.3724799 | AA40: 0.36190835 | AB40: 0.3492292 | AC40: 0.33984265 | AD40: 0.33387365 | AE40: 0.32553845
A41: 25-29 | B41: 1.4138005 | C41: 1.3950674 | D41: 1.3711107 | E41: 1.344383 | F41: 1.3160588 | G41: 1.2864828 | H41: 1.2599671 | I41: 1.2406333 | J41: 1.2311193 | K41: 1.2256168 | L41: 1.2142505 | M41: 1.1946942 | N41: 1.1709163 | O41: 1.1460212 | P41: 1.1251251 | Q41: 1.108528 | R41: 1.098552 | S41: 1.094474 | T41: 1.0928902 | U41: 1.0895939 | V41: 1.0806067 | W41: 1.0639891 | X41: 1.0430306 | Y41: 1.0229265 | Z41: 1.0023988 | AA41: 0.9758904 | AB41: 0.9410018 | AC41: 0.9114146 | AD41: 0.892603 | AE41: 0.87144365
A42: 30-34 | B42: 2.3531208 | C42: 2.313124 | D42: 2.263285 | E42: 2.2089397 | F42: 2.1547477 | G42: 2.0981824 | H42: 2.0464504 | I42: 2.0055987 | J42: 1.9813006 | K42: 1.9695405 | L42: 1.9480987 | M42: 1.9125978 | N42: 1.8671953 | O42: 1.8236769 | P42: 1.7896008 | Q42: 1.7638286 | R42: 1.7454775 | S42: 1.7318352 | T42: 1.7196145 | U42: 1.7042884 | V42: 1.6801472 | W42: 1.6470799 | X42: 1.6091887 | Y42: 1.5770795 | Z42: 1.549291 | AA42: 1.5163144 | AB42: 1.472588 | AC42: 1.4354128 | AD42: 1.4143162 | AE42: 1.388228
A43: 35-39 | B43: 3.051966 | C43: 2.993759 | D43: 2.9255613 | E43: 2.8495287 | F43: 2.7692996 | G43: 2.6870971 | H43: 2.6085324 | I43: 2.5483109 | J43: 2.5132852 | K43: 2.4960461 | L43: 2.4662676 | M43: 2.4187954 | N43: 2.3611083 | O43: 2.3085708 | P43: 2.2678468 | Q43: 2.2343279 | R43: 2.2070618 | S43: 2.1839006 | T43: 2.1621594 | U43: 2.1361513 | V43: 2.0990315 | W43: 2.0533681 | X43: 2.0041163 | Y43: 1.9652947 | Z43: 1.9323095 | AA43: 1.8952239 | AB43: 1.8445973 | AC43: 1.8035872 | AD43: 1.7845413 | AE43: 1.7612096
A44: 40-44 | B44: 3.4774547 | C44: 3.4017041 | D44: 3.3145422 | E44: 3.2171432 | F44: 3.1163587 | G44: 3.0178847 | H44: 2.9264134 | I44: 2.8557562 | J44: 2.8124077 | K44: 2.7858896 | L44: 2.7454352 | M44: 2.6859229 | N44: 2.6163496 | O44: 2.5550903 | P44: 2.5078899 | Q44: 2.4702204 | R44: 2.4393808 | S44: 2.4129454 | T44: 2.3859796 | U44: 2.352838 | V44: 2.3075948 | W44: 2.2545923 | X44: 2.2002628 | Y44: 2.1589174 | Z44: 2.1231346 | AA44: 2.0823612 | AB44: 2.0279596 | AC44: 1.9873156 | AD44: 1.9746181 | AE44: 1.9602986
A45: 45-49 | B45: 3.6295182 | C45: 3.5480886 | D45: 3.4556888 | E45: 3.3529083 | F45: 3.246055 | G45: 3.1409843 | H45: 3.0428906 | I45: 2.9659374 | J45: 2.9165069 | K45: 2.8839734 | L45: 2.8379319 | M45: 2.7736013 | N45: 2.6999372 | O45: 2.6347087 | P45: 2.5834414 | Q45: 2.5418668 | R45: 2.5074245 | S45: 2.4776853 | T45: 2.4476629 | U45: 2.4116743 | V45: 2.3640274 | W45: 2.3091768 | X45: 2.2533196 | Y45: 2.2105814 | Z45: 2.173555 | AA45: 2.1318161 | AB45: 2.0766342 | AC45: 2.0360671 | AD45: 2.0245406 | AE45: 2.0126362
A46: TGF | B46: 3.6626798 | C46: 3.5791517 | D46: 3.4848345 | E46: 3.3801781 | F46: 3.2714481 | G46: 3.1645917 | H46: 3.064807 | I46: 2.9862055 | J46: 2.9350869 | K46: 2.9008273 | L46: 2.8531692 | M46: 2.7874789 | N46: 2.7126374 | O46: 2.6462944 | P46: 2.5940224 | Q46: 2.55169 | R46: 2.5166707 | S46: 2.4863511 | T46: 2.455647 | U46: 2.4188901 | V46: 2.3705194 | W46: 2.3150698 | X46: 2.2586536 | Y46: 2.2153563 | Z46: 2.1778706 | AA46: 2.135899 | AB46: 2.0806739 | AC46: 2.0401938 | AD46: 2.0289328 | AE46: 2.0177295
A49: Proporción de la fecundidad global hasta la edad x (F(x)/TGF)
A51: Edad / Año | B51: 1990 | C51: 1991 | D51: 1992 | E51: 1993 | F51: 1994 | G51: 1995 | H51: 1996 | I51: 1997 | J51: 1998 | K51: 1999 | L51: 2000 | M51: 2001 | N51: 2002 | O51: 2003 | P51: 2004 | Q51: 2005 | R51: 2006 | S51: 2007 | T51: 2008 | U51: 2009 | V51: 2010 | W51: 2011 | X51: 2012 | Y51: 2013 | Z51: 2014 | AA51: 2015 | AB51: 2016 | AC51: 2017 | AD51: 2018 | AE51: 2019
A52: 15-19
A53: 20-24 | B53: 0.12317916 | C53: 0.12544067 | D53: 0.12815728 | E53: 0.13104756 | F53: 0.13399125 | G53: 0.13710491 | H53: 0.14046222 | I53: 0.14326529 | J53: 0.14477413 | K53: 0.14526871 | L53: 0.14631744 | M53: 0.14819456 | N53: 0.15050369 | O53: 0.15224247 | P53: 0.15326801 | Q53: 0.15414727 | R53: 0.15535147 | S53: 0.15708902 | T53: 0.15947215 | U53: 0.162336 | V53: 0.16560265 | W53: 0.16871722 | X53: 0.17115931 | Y53: 0.17182834 | Z53: 0.1710294 | AA53: 0.16944076 | AB53: 0.16784427 | AC53: 0.16657371 | AD53: 0.16455629 | AE53: 0.161339
A54: 25-29 | B54: 0.38600167 | C54: 0.389776 | D54: 0.39345076 | E54: 0.3977255 | F54: 0.40228632 | G54: 0.4065241 | H54: 0.41110813 | I54: 0.41545476 | J54: 0.419449 | K54: 0.42250594 | L54: 0.42557956 | M54: 0.42859312 | N54: 0.43165234 | O54: 0.43306641 | P54: 0.4337376 | Q54: 0.43442892 | R54: 0.43651003 | S54: 0.44019285 | T54: 0.44505184 | U54: 0.450452 | V54: 0.45585229 | W54: 0.45959267 | X54: 0.46179309 | Y54: 0.46174356 | Z54: 0.46026552 | AA54: 0.45689912 | AB54: 0.45225817 | AC54: 0.44672943 | AD54: 0.43993719 | AE54: 0.4318932
A55: 30-34 | B55: 0.64245879 | C55: 0.64627716 | D55: 0.64946699 | E55: 0.65349802 | F55: 0.65865258 | G55: 0.66301836 | H55: 0.66772569 | I55: 0.67162114 | J55: 0.67503984 | K55: 0.67895821 | L55: 0.68278413 | M55: 0.68613895 | N55: 0.68833207 | O55: 0.68914365 | P55: 0.68989412 | Q55: 0.69123936 | R55: 0.69356609 | S55: 0.69653688 | T55: 0.70026945 | U55: 0.70457451 | V55: 0.70876754 | W55: 0.71146015 | X55: 0.71245483 | Y55: 0.71188528 | Z55: 0.71137881 | AA55: 0.70991859 | AB55: 0.7077457 | AC55: 0.70356688 | AD55: 0.69707392 | AE55: 0.68801494
A56: 35-39 | B56: 0.8332604 | C56: 0.83644374 | D56: 0.83951228 | E56: 0.84301141 | F56: 0.84650575 | G56: 0.84911336 | H56: 0.85112451 | I56: 0.85336086 | J56: 0.85628987 | K56: 0.86046009 | L56: 0.86439584 | M56: 0.86773588 | N56: 0.87041059 | O56: 0.87237871 | P56: 0.87425876 | Q56: 0.8756267 | R56: 0.87697677 | S56: 0.87835571 | T56: 0.88048463 | U56: 0.88311216 | V56: 0.88547322 | W56: 0.8869573 | X56: 0.88730574 | Y56: 0.88712355 | Z56: 0.88724713 | AA56: 0.88731907 | AB56: 0.8865384 | AC56: 0.88402741 | AD56: 0.87954675 | AE56: 0.87286705
A57: 40-44 | B57: 0.94942909 | C57: 0.95042188 | D57: 0.95113332 | E57: 0.95176736 | F57: 0.95259304 | G57: 0.95364111 | H57: 0.95484425 | I57: 0.95631603 | J57: 0.95820253 | K57: 0.9603776 | L57: 0.96224058 | M57: 0.96356711 | N57: 0.96450397 | O57: 0.96553516 | P57: 0.96679576 | Q57: 0.96807228 | R57: 0.96928883 | S57: 0.97047655 | T57: 0.97162972 | U57: 0.9726932 | V57: 0.97345535 | W57: 0.9738766 | X57: 0.97414794 | Y57: 0.97452378 | Z57: 0.97486717 | AA57: 0.9749343 | AB57: 0.97466477 | AC57: 0.9740818 | AD57: 0.97322989 | AE57: 0.97153689
A58: 45-49 | B58: 0.9909461 | C58: 0.99132111 | D58: 0.99163643 | E58: 0.99193244 | F58: 0.99223796 | G58: 0.99254013 | H58: 0.99284901 | I58: 0.99321277 | J58: 0.99366969 | K58: 0.99418997 | L58: 0.99465952 | M58: 0.99502149 | N58: 0.99531812 | O58: 0.99562193 | P58: 0.99592101 | Q58: 0.99615028 | R58: 0.99632604 | S58: 0.99651467 | T58: 0.99674872 | U58: 0.99701688 | V58: 0.99726136 | W58: 0.9974545 | X58: 0.99763842 | Y58: 0.99784466 | Z58: 0.99801841 | AA58: 0.99808842 | AB58: 0.99805847 | AC58: 0.9979773 | AD58: 0.99783519 | AE58: 0.99747575
A60: Paso 5:
A61: Bilogitos observados
A63: Edad / Año
A64: 15-19
A65: 20-24 | B65: 0.73913124 | C65: 0.73040556 | D65: 0.72003106 | E65: 0.70911646 | F65: 0.69812518 | G65: 0.68663044 | H65: 0.67438055 | I65: 0.6642626 | J65: 0.65885614 | K65: 0.6570899 | L65: 0.65335424 | M65: 0.64669964 | N65: 0.63856832 | O65: 0.63248423 | P65: 0.62891112 | Q65: 0.62585653 | R65: 0.62168617 | S65: 0.61569504 | T65: 0.60752719 | U65: 0.59778486 | V65: 0.58676616 | W65: 0.57634996 | X65: 0.56824163 | Y65: 0.56602907 | Z65: 0.5686717 | AA65: 0.57394235 | AB65: 0.57926081 | AC65: 0.58350939 | AD65: 0.59028498 | AE65: 0.60116761
A66: 25-29 | B66: -0.049281022 | C66: -0.059555701 | D66: -0.069565148 | E66: -0.081217416 | F66: -0.093661217 | G66: -0.10523601 | H66: -0.11777165 | I66: -0.12967422 | J66: -0.14062699 | K66: -0.14902014 | L66: -0.15746892 | M66: -0.16576271 | N66: -0.17419294 | O66: -0.17809348 | P66: -0.17994574 | Q66: -0.18185414 | R66: -0.18760276 | S66: -0.19778975 | T66: -0.21125883 | U66: -0.22626873 | V66: -0.24132478 | W66: -0.25178136 | X66: -0.2579442 | Y66: -0.25780538 | Z66: -0.25366496 | AA66: -0.24424889 | AB66: -0.23129911 | AC66: -0.21591703 | AD66: -0.19708199 | AE66: -0.17485715
A67: 30-34 | B67: -0.81542193 | C67: -0.82890545 | D67: -0.84024848 | E67: -0.85468828 | F67: -0.87332925 | G67: -0.88927741 | H67: -0.90664284 | I67: -0.92115034 | J67: -0.93398747 | K67: -0.94882504 | L67: -0.96344384 | M67: -0.9763722 | N67: -0.98488039 | O67: -0.98804042 | P67: -0.9909681 | Q67: -0.99622959 | R67: -1.0053713 | S67: -1.0171211 | T67: -1.03201 | U67: -1.0493617 | V67: -1.066452 | W67: -1.0775285 | X67: -1.0816408 | Y67: -1.0792848 | Z67: -1.0771927 | AA67: -1.0711772 | AB67: -1.0622695 | AC67: -1.0452829 | AD67: -1.0192546 | AE67: -0.9836473
A68: 35-39 | B68: -1.7015034 | C68: -1.7226289 | D68: -1.7433455 | E68: -1.7674096 | F68: -1.7919298 | G68: -1.8105596 | H68: -1.825129 | I68: -1.8415417 | J68: -1.8633866 | K68: -1.8952015 | L68: -1.9260377 | M68: -1.9528589 | N68: -1.9747915 | O68: -1.9911988 | P68: -2.007092 | Q68: -2.018795 | R68: -2.0304627 | S68: -2.0425032 | T68: -2.0613439 | U68: -2.0850326 | V68: -2.1067464 | W68: -2.1206099 | X68: -2.1238896 | Y68: -2.1221736 | Z68: -2.1233373 | AA68: -2.1240152 | AB68: -2.1166796 | AC68: -2.0934009 | AD68: -2.0530056 | AE68: -1.9953061
A69: 40-44 | B69: -2.9585437 | C69: -2.9788888 | D69: -2.9937135 | E69: -3.0071039 | F69: -3.0248008 | G69: -3.0477022 | H69: -3.0746232 | I69: -3.1085239 | J69: -3.1536474 | K69: -3.2082143 | L69: -3.2573368 | M69: -3.2937843 | N69: -3.3203183 | O69: -3.3503306 | P69: -3.3882411 | Q69: -3.4281002 | R69: -3.4675731 | S69: -3.507624 | T69: -3.5480573 | U69: -3.5868082 | V69: -3.6155057 | W69: -3.6317176 | X69: -3.6422975 | Y69: -3.6571345 | Z69: -3.6708803 | AA69: -3.6735892 | AB69: -3.662756 | AC69: -3.6397086 | AD69: -3.6069326 | AE69: -3.5447433
A70: 45-49 | B70: -4.7000151 | C70: -4.7425069 | D70: -4.7796737 | E70: -4.8158564 | F70: -4.8546169 | G70: -4.8944754 | H70: -4.9369185 | I70: -4.9893098 | J70: -5.0592331 | K70: -5.1452571 | L70: -5.2297631 | M70: -5.3001296 | N70: -5.3617095 | O70: -5.4289553 | P70: -5.4998621 | Q70: -5.5578261 | R70: -5.6046451 | S70: -5.6574478 | T70: -5.7270781 | U70: -5.8132907 | V70: -5.8989228 | W70: -5.9721558 | X70: -6.0472408 | Y70: -6.1387273 | Z70: -6.2228633 | AA70: -6.2588666 | AB70: -6.2433051 | AC70: -6.2023098 | AD70: -6.1343402 | AE70: -5.9805486
A71: TGF
A73: Paso 6:
A74: Descendencia parcial estándar (FS(x))
A76: Edad | B76: Estándar
A77: 15-19
A78: 20-24 | B78: 0.39994296
A79: 25-29 | B79: 1.1408197
A80: 30-34 | B80: 1.823005
A81: 35-39 | B81: 2.3110952
A82: 40-44 | B82: 2.5724887
A83: 45-49 | B83: 2.6563613
A84: TGF | B84: 2.6697853
A87: Proporción de la fecundidad global hasta la edad x (FS(x)/TGFS)
A89: Edad | B89: Estándar
A90: 15-19
A91: 20-24 | B91: 0.14980341
A92: 25-29 | B92: 0.42730764
A93: 30-34 | B93: 0.68282829
A94: 35-39 | B94: 0.86564832
A95: 40-44 | B95: 0.96355638
A96: 45-49 | B96: 0.99497188
A99: Boligitos estándar
A101: Edad | B101: Estándar
A102: 15-19
A103: 20-24 | B103: 0.64102797
A104: 25-29 | B104: -0.16222361
A105: 30-34 | B105: -0.96361337
A106: 35-39 | B106: -1.9360233
A107: 40-44 | B107: -3.2934842
A108: 45-49 | B108: -5.2901897
A110: Paso 7:
A113: Año | B113: 1990 | C113: 1991 | D113: 1992 | E113: 1993 | F113: 1994 | G113: 1995 | H113: 1996 | I113: 1997 | J113: 1998 | K113: 1999 | L113: 2000 | M113: 2001 | N113: 2002 | O113: 2003 | P113: 2004 | Q113: 2005 | R113: 2006 | S113: 2007 | T113: 2008 | U113: 2009 | V113: 2010 | W113: 2011 | X113: 2012 | Y113: 2013 | Z113: 2014 | AA113: 2015 | AB113: 2016 | AC113: 2017 | AD113: 2018 | AE113: 2019
A114: V1O | B114: -0.041857238 | C114: -0.052685196 | D114: -0.063260856 | E114: -0.075596412 | F114: -0.089621763 | G114: -0.10262766 | H114: -0.11667798 | I114: -0.12885399 | J114: -0.13858611 | K114: -0.14691843 | L114: -0.15585284 | M114: -0.16514509 | N114: -0.17350167 | O114: -0.17788322 | P114: -0.18066757 | Q114: -0.18407573 | R114: -0.1904293 | S114: -0.19973862 | T114: -0.21191389 | U114: -0.22594852 | V114: -0.24033687 | W114: -0.25098663 | X114: -0.25711446 | Y114: -0.25702036 | Z114: -0.254062 | AA114: -0.24716124 | AB114: -0.2381026 | AC114: -0.22589685 | AD114: -0.20868388 | AE114: -0.18577895
A115: V2O | B115: -3.1200208 | C115: -3.1480082 | D115: -3.1722442 | E115: -3.19679 | F115: -3.2237825 | G115: -3.2509124 | H115: -3.2788902 | I115: -3.3131251 | J115: -3.3587557 | K115: -3.4162243 | L115: -3.4710458 | M115: -3.5155909 | N115: -3.5522731 | O115: -3.5901616 | P115: -3.6317317 | Q115: -3.6682404 | R115: -3.7008936 | S115: -3.7358583 | T115: -3.7788264 | U115: -3.8283772 | V115: -3.873725 | W115: -3.9081611 | X115: -3.9378093 | Y115: -3.9726785 | Z115: -4.0056936 | AA115: -4.0188237 | AB115: -4.0075803 | AC115: -3.9784731 | AD115: -3.9314261 | AE115: -3.8401993
A116: V1S | B116: -0.161603 | C116: -0.161603 | D116: -0.161603 | E116: -0.161603 | F116: -0.161603 | G116: -0.161603 | H116: -0.161603 | I116: -0.161603 | J116: -0.161603 | K116: -0.161603 | L116: -0.161603 | M116: -0.161603 | N116: -0.161603 | O116: -0.161603 | P116: -0.161603 | Q116: -0.161603 | R116: -0.161603 | S116: -0.161603 | T116: -0.161603 | U116: -0.161603 | V116: -0.161603 | W116: -0.161603 | X116: -0.161603 | Y116: -0.161603 | Z116: -0.161603 | AA116: -0.161603 | AB116: -0.161603 | AC116: -0.161603 | AD116: -0.161603 | AE116: -0.161603
A117: V2S | B117: -3.5065658 | C117: -3.5065658 | D117: -3.5065658 | E117: -3.5065658 | F117: -3.5065658 | G117: -3.5065658 | H117: -3.5065658 | I117: -3.5065658 | J117: -3.5065658 | K117: -3.5065658 | L117: -3.5065658 | M117: -3.5065658 | N117: -3.5065658 | O117: -3.5065658 | P117: -3.5065658 | Q117: -3.5065658 | R117: -3.5065658 | S117: -3.5065658 | T117: -3.5065658 | U117: -3.5065658 | V117: -3.5065658 | W117: -3.5065658 | X117: -3.5065658 | Y117: -3.5065658 | Z117: -3.5065658 | AA117: -3.5065658 | AB117: -3.5065658 | AC117: -3.5065658 | AD117: -3.5065658 | AE117: -3.5065658
A119: Paso 8:
A120: Parámetros del modelo
A122: Año | B122: 1990 | C122: 1991 | D122: 1992 | E122: 1993 | F122: 1994 | G122: 1995 | H122: 1996 | I122: 1997 | J122: 1998 | K122: 1999 | L122: 2000 | M122: 2001 | N122: 2002 | O122: 2003 | P122: 2004 | Q122: 2005 | R122: 2006 | S122: 2007 | T122: 2008 | U122: 2009 | V122: 2010 | W122: 2011 | X122: 2012 | Y122: 2013 | Z122: 2014 | AA122: 2015 | AB122: 2016 | AC122: 2017 | AD122: 2018 | AE122: 2019
A123: b | B123: 0.92023851 | C123: 0.92536845 | D123: 0.92945232 | E123: 0.93310263 | F123: 0.93697926 | G123: 0.94120174 | H123: 0.94536545 | I123: 0.95196011 | J123: 0.96269221 | K123: 0.97738185 | L123: 0.99110012 | M123: 1.0016392 | N123: 1.0101073 | O123: 1.0201245 | P123: 1.0317198 | Q123: 1.0416154 | R123: 1.0494778 | S123: 1.0571477 | T123: 1.0663534 | U123: 1.0769712 | V123: 1.0862268 | W123: 1.0933379 | X123: 1.1003694 | Y123: 1.110822 | Z123: 1.1215765 | AA123: 1.1275649 | AB123: 1.1269117 | AC123: 1.1218589 | AD123: 1.1129398 | AE123: 1.0925145
A124: a | B124: 0.10685607 | C124: 0.096857123 | D124: 0.086941428 | E124: 0.075195773 | F124: 0.061796898 | G124: 0.049473366 | H124: 0.036095913 | I124: 0.024985626 | J124: 0.016987843 | K124: 0.011029413 | L124: 0.004311913 | M124: -0.0032771866 | N124: -0.010265292 | O124: -0.01302805 | P124: -0.013938564 | Q124: -0.015747558 | R124: -0.020830525 | S124: -0.028900374 | T124: -0.039587977 | U124: -0.05190674 | V124: -0.064799361 | W124: -0.074299952 | X124: -0.079291458 | Y124: -0.077508199 | Z124: -0.072811867 | AA124: -0.064943378 | AB124: -0.055990285 | AC124: -0.044601081 | AD124: -0.028829469 | AE124: -0.009225323
A139: Paso 9:
A140: Bilogitos ajustados
A142: Edad / Año | B142: 1990 | C142: 1991 | D142: 1992 | E142: 1993 | F142: 1994 | G142: 1995 | H142: 1996 | I142: 1997 | J142: 1998 | K142: 1999 | L142: 2000 | M142: 2001 | N142: 2002 | O142: 2003 | P142: 2004 | Q142: 2005 | R142: 2006 | S142: 2007 | T142: 2008 | U142: 2009 | V142: 2010 | W142: 2011 | X142: 2012 | Y142: 2013 | Z142: 2014 | AA142: 2015 | AB142: 2016 | AC142: 2017 | AD142: 2018 | AE142: 2019
...

Sheet Proyección TGF
A1: AÑO | B1: TGF
A2: {=TRANSPOSE('Bilogito-valores'!B178:AE178)} -> 1990 | B2: {=TRANSPOSE('Bilogito-valores'!B186:AE186)} -> 3.6626798
A3: 1991 | B3: 3.5791517
A4: 1992 | B4: 3.4848345
A5: 1993 | B5: 3.3801781
A6: 1994 | B6: 3.2714481
A7: 1995 | B7: 3.1645917
A8: 1996 | B8: 3.064807
A9: 1997 | B9: 2.9862055
A10: 1998 | B10: 2.9350869
A11: 1999 | B11: 2.9008273
A12: 2000 | B12: 2.8531692
A13: 2001 | B13: 2.7874789
A14: 2002 | B14: 2.7126375
... A82: 2070 | B82: 1.5061003

Sheet Proyección Bilogito
A4: Boligitos estándar
A6: Edad | B6: Estándar
A7: 15-19
A8: 20-24 | B8: =[1]Bilogito!B103 -> 0.64102797
A9: 25-29 | B9: =[1]Bilogito!B104 -> -0.16222361
A10: 30-34 | B10: =[1]Bilogito!B105 -> -0.96361337
A11: 35-39 | B11: =[1]Bilogito!B106 -> -1.9360233
A12: 40-44 | B12: =[1]Bilogito!B107 -> -3.2934842
A13: 45-49 | B13: =[1]Bilogito!B108 -> -5.2901897
A15: Proyección de a, b y TGF
A16: Bilogitos ajustados
A18: Edad / Año | B18: 2020 | C18: 2021 | D18: 2022 | E18: 2023 | F18: 2024 | G18: 2025 | H18: 2026 | I18: 2027 | J18: 2028 | K18: 2029 | L18: 2030 | M18: 2031 | N18: 2032 | O18: 2033 | P18: 2034 | Q18: 2035 | R18: 2036 | S18: 2037 | T18: 2038 | U18: 2039 | V18: 2040 | W18: 2041 | X18: 2042 | Y18: 2043 | Z18: 2044 | AA18: 2045 | AB18: 2046 | AC18: 2047 | AD18: 2048 | AE18: 2049 | AF18: 2050 | AG18: 2051 | AH18: 2052 | AI18: 2053 | AJ18: 2054 | AK18: 2055 | AL18: 2056 | AM18: 2057 | AN18: 2058 | AO18: 2059 | AP18: 2060 | AQ18: 2061 | AR18: 2062 | AS18: 2063 | AT18: 2064 | AU18: 2065 | AV18: 2066 | AW18: 2067 | AX18: 2068 | AY18: 2069 | AZ18: 2070
A19: a | B19: -0.090936622 | C19: -0.096375004 | D19: -0.10181339 | E19: -0.10725177 | F19: -0.11269015 | G19: -0.11812853 | H19: -0.12356691 | I19: -0.12900529 | J19: -0.13444367 | K19: -0.13988206 | L19: -0.14532044 | M19: -0.15075882 | N19: -0.1561972 | O19: -0.16163558 | P19: -0.16707396 | Q19: -0.17251234 | R19: -0.17795073 | S19: -0.18338911 | T19: -0.18882749 | U19: -0.19426587 | V19: -0.19970425 | W19: -0.20514263 | X19: -0.21058102 | Y19: -0.2160194 | Z19: -0.22145778 | AA19: -0.22689616 | AB19: -0.23233454 | AC19: -0.23777292 | AD19: -0.2432113 | AE19: -0.24864969 | AF19: -0.25408807 | AG19: -0.25952645 | AH19: -0.26496483 | AI19: -0.27040321 | AJ19: -0.27584159 | AK19: -0.28127997 | AL19: -0.28671836 | AM19: -0.29215674 | AN19: -0.29759512 | AO19: -0.3030335 | AP19: -0.30847188 | AQ19: -0.31391026 | AR19: -0.31934864 | AS19: -0.32478703 | AT19: -0.33022541 | AU19: -0.33566379 | AV19: -0.34110217 | AW19: -0.34654055 | AX19: -0.35197893 | AY19: -0.35741732 | AZ19: -0.3628557
A20: b | B20: 1.1538082 | C20: 1.161873 | D20: 1.1699378 | E20: 1.1780026 | F20: 1.1860674 | G20: 1.1941321 | H20: 1.2021969 | I20: 1.2102617 | J20: 1.2183265 | K20: 1.2263913 | L20: 1.2344561 | M20: 1.2425208 | N20: 1.2505856 | O20: 1.2586504 | P20: 1.2667152 | Q20: 1.27478 | R20: 1.2828448 | S20: 1.2909096 | T20: 1.2989743 | U20: 1.3070391 | V20: 1.3151039 | W20: 1.3231687 | X20: 1.3312335 | Y20: 1.3392983 | Z20: 1.347363 | AA20: 1.3554278 | AB20: 1.3634926 | AC20: 1.3715574 | AD20: 1.3796222 | AE20: 1.387687 | AF20: 1.3957518 | AG20: 1.4038165 | AH20: 1.4118813 | AI20: 1.4199461 | AJ20: 1.4280109 | AK20: 1.4360757 | AL20: 1.4441405 | AM20: 1.4522053 | AN20: 1.46027 | AO20: 1.4683348 | AP20: 1.4763996 | AQ20: 1.4844644 | AR20: 1.4925292 | AS20: 1.500594 | AT20: 1.5086587 | AU20: 1.5167235 | AV20: 1.5247883 | AW20: 1.5328531 | AX20: 1.5409179 | AY20: 1.5489827 | AZ20: 1.5570475
A21: TGF | B21: 1.9854682 | C21: 1.9425845 | D21: 1.9067112 | E21: 1.8812483 | F21: 1.8587871 | G21: 1.8334805 | H21: 1.806415 | I21: 1.7814243 | J21: 1.7599059 | K21: 1.7405418 | L21: 1.7218535 | M21: 1.7037267 | N21: 1.6868432 | O21: 1.6715592 | P21: 1.6576379 | Q21: 1.6447017 | R21: 1.6326118 | S21: 1.6214294 | T21: 1.6111947 | U21: 1.6018343 | V21: 1.5932288 | W21: 1.5852967 | X21: 1.5780038 | Y21: 1.5713232 | Z21: 1.5652104 | AA21: 1.5596112 | AB21: 1.554478 | AC21: 1.5497748 | AD21: 1.5454713 | AE21: 1.5415361 | AF21: 1.5379375 | AG21: 1.5346459 | AH21: 1.5316359 | AI21: 1.5288847 | AJ21: 1.5263707 | AK21: 1.5240739 | AL21: 1.5219756 | AM21: 1.5200586 | AN21: 1.5183078 | AO21: 1.5167089 | AP21: 1.515249 | AQ21: 1.5139161 | AR21: 1.5126991 | AS21: 1.5115881 | AT21: 1.5105739 | AU21: 1.5096483 | AV21: 1.5088034 | AW21: 1.5080323 | AX21: 1.5073285 | AY21: 1.5066863 | AZ21: 1.5061003
A24: Paso 9:
A25: Bilogitos ajustados
A27: Edad / Año | B27: 2020 | C27: 2021 | D27: 2022 | E27: 2023 | F27: 2024 | G27: 2025 | H27: 2026 | I27: 2027 | J27: 2028 | K27: 2029 | L27: 2030 | M27: 2031 | N27: 2032 | O27: 2033 | P27: 2034 | Q27: 2035 | R27: 2036 | S27: 2037 | T27: 2038 | U27: 2039 | V27: 2040 | W27: 2041 | X27: 2042 | Y27: 2043 | Z27: 2044 | AA27: 2045 | AB27: 2046 | AC27: 2047 | AD27: 2048 | AE27: 2049 | AF27: 2050 | AG27: 2051 | AH27: 2052 | AI27: 2053 | AJ27: 2054 | AK27: 2055 | AL27: 2056 | AM27: 2057 | AN27: 2058 | AO27: 2059 | AP27: 2060 | AQ27: 2061 | AR27: 2062 | AS27: 2063 | AT27: 2064 | AU27: 2065 | AV27: 2066 | AW27: 2067 | AX27: 2068 | AY27: 2069 | AZ27: 2070
A28: 15-19
A29: 20-24 | B29: =B$19+B$20*$B8 -> 0.64868672 | C29: =C$19+C$20*$B8 -> 0.64841809 | D29: =D$19+D$20*$B8 -> 0.64814946 | E29: =E$19+E$20*$B8 -> 0.64788083 | F29: =F$19+F$20*$B8 -> 0.6476122 | G29: =G$19+G$20*$B8 -> 0.64734357 | H29: =H$19+H$20*$B8 -> 0.64707494 | I29: =I$19+I$20*$B8 -> 0.64680631 | ... AZ29: =AZ$19+AZ$20*$B8 -> 0.63525528
A30: 25-29 | B30: =B$19+B$20*$B9 -> -0.27811156 | C30: =C$19+C$20*$B9 -> -0.28485824 | D30: =D$19+D$20*$B9 -> -0.29160492 | E30: =E$19+E$20*$B9 -> -0.2983516 | F30: =F$19+F$20*$B9 -> -0.30509828 | G30: =G$19+G$20*$B9 -> -0.31184496 | H30: =H$19+H$20*$B9 -> -0.31859164 | I30: =I$19+I$20*$B9 -> -0.32533832 | ... AZ30: =AZ$19+AZ$20*$B9 -> -0.61544556
A31: 30-34 | B31: =B$19+B$20*$B10 -> -1.2027616 | C31: =C$19+C$20*$B10 -> -1.2159714 | D31: =D$19+D$20*$B10 -> -1.2291811 | E31: =E$19+E$20*$B10 -> -1.2423908 | F31: =F$19+F$20*$B10 -> -1.2556005 | G31: =G$19+G$20*$B10 -> -1.2688102 | H31: =H$19+H$20*$B10 -> -1.2820199 | I31: =I$19+I$20*$B10 -> -1.2952296 | ... AZ31: =AZ$19+AZ$20*$B10 -> -1.8632474
A32: 35-39 | B32: =B$19+B$20*$B11 -> -2.3247362 | C32: =C$19+C$20*$B11 -> -2.3457882 | D32: =D$19+D$20*$B11 -> -2.3668402 | E32: =E$19+E$20*$B11 -> -2.3878922 | F32: =F$19+F$20*$B11 -> -2.4089442 | G32: =G$19+G$20*$B11 -> -2.4299962 | H32: =H$19+H$20*$B11 -> -2.4510482 | I32: =I$19+I$20*$B11 -> -2.4721002 | ... AZ32: =AZ$19+AZ$20*$B11 -> -3.3773359
A33: 40-44 | B33: =B$19+B$20*$B12 -> -3.8909858 | C33: =C$19+C$20*$B12 -> -3.9229854 | D33: =D$19+D$20*$B12 -> -3.954985 | E33: =E$19+E$20*$B12 -> -3.9869846 | F33: =F$19+F$20*$B12 -> -4.0189843 | G33: =G$19+G$20*$B12 -> -4.0509839 | H33: =H$19+H$20*$B12 -> -4.0829835 | I33: =I$19+I$20*$B12 -> -4.1149831 | ... AZ33: =AZ$19+AZ$20*$B12 -> -5.4909669
A34: 45-49 | B34: =B$19+B$20*$B13 -> -6.194801 | C34: =C$19+C$20*$B13 -> -6.2429036 | D34: =D$19+D$20*$B13 -> -6.2910062 | E34: =E$19+E$20*$B13 -> -6.3391088 | F34: =F$19+F$20*$B13 -> -6.3872115 | G34: =G$19+G$20*$B13 -> -6.4353141 | H34: =H$19+H$20*$B13 -> -6.4834167 | I34: =I$19+I$20*$B13 -> -6.5315193 | ... AZ34: =AZ$19+AZ$20*$B13 -> -8.5999322
A36: Paso 10:
A37: Estructuras porcentuales acumuladas ajustadas
A39: Edad / Año | B39: 2020 | C39: 2021 | D39: 2022 | E39: 2023 | F39: 2024 | G39: 2025 | H39: 2026 | I39: 2027 | J39: 2028 | K39: 2029 | L39: 2030 | M39: 2031 | N39: 2032 | O39: 2033 | P39: 2034 | Q39: 2035 | R39: 2036 | S39: 2037 | T39: 2038 | U39: 2039 | V39: 2040 | W39: 2041 | X39: 2042 | Y39: 2043 | Z39: 2044 | AA39: 2045 | AB39: 2046 | AC39: 2047 | AD39: 2048 | AE39: 2049 | AF39: 2050 | AG39: 2051 | AH39: 2052 | AI39: 2053 | AJ39: 2054 | AK39: 2055 | AL39: 2056 | AM39: 2057 | AN39: 2058 | AO39: 2059 | AP39: 2060 | AQ39: 2061 | AR39: 2062 | AS39: 2063 | AT39: 2064 | AU39: 2065 | AV39: 2066 | AW39: 2067 | AX39: 2068 | AY39: 2069 | AZ39: 2070
A40: 15-19
A41: 20-24 | B41: =EXP(-EXP(B29)) -> 0.14763285 | C41: =EXP(-EXP(C29)) -> 0.14770873 | D41: =EXP(-EXP(D29)) -> 0.14778462 | E41: =EXP(-EXP(E29)) -> 0.14786054 | F41: =EXP(-EXP(F29)) -> 0.14793647 | G41: =EXP(-EXP(G29)) -> 0.14801242 | H41: =EXP(-EXP(H29)) -> 0.14808839 | I41: =EXP(-EXP(I29)) -> 0.14816438 | ... AZ41: =EXP(-EXP(AZ29)) -> 0.15144937
A42: 25-29 | B42: =EXP(-EXP(B30)) -> 0.46897194 | C42: =EXP(-EXP(C30)) -> 0.47136579 | D42: =EXP(-EXP(D30)) -> 0.47375563 | E42: =EXP(-EXP(E30)) -> 0.47614141 | F42: =EXP(-EXP(F30)) -> 0.47852303 | G42: =EXP(-EXP(G30)) -> 0.48090043 | H42: =EXP(-EXP(H30)) -> 0.48327354 | I42: =EXP(-EXP(I30)) -> 0.48564229 | ... AZ42: =EXP(-EXP(AZ30)) -> 0.58251516
A43: 30-34 | B43: =EXP(-EXP(B31)) -> 0.74054893 | C43: =EXP(-EXP(C31)) -> 0.74347366 | D43: =EXP(-EXP(D31)) -> 0.74637133 | E43: =EXP(-EXP(E31)) -> 0.74924205 | F43: =EXP(-EXP(F31)) -> 0.75208592 | G43: =EXP(-EXP(G31)) -> 0.75490305 | H43: =EXP(-EXP(H31)) -> 0.75769356 | I43: =EXP(-EXP(I31)) -> 0.76045756 | ... AZ43: =EXP(-EXP(AZ31)) -> 0.85627139
A44: 35-39 | B44: =EXP(-EXP(B32)) -> 0.90682187 | C44: =EXP(-EXP(C32)) -> 0.90867146 | D44: =EXP(-EXP(D32)) -> 0.91048617 | E44: =EXP(-EXP(E32)) -> 0.91226658 | F44: =EXP(-EXP(F32)) -> 0.91401328 | G44: =EXP(-EXP(G32)) -> 0.91572684 | H44: =EXP(-EXP(H32)) -> 0.91740781 | I44: =EXP(-EXP(I32)) -> 0.91905675 | ... AZ44: =EXP(-EXP(AZ32)) -> 0.96643785
A45: 40-44 | B45: =EXP(-EXP(B33)) -> 0.97978198 | C45: =EXP(-EXP(C33)) -> 0.98041243 | D45: =EXP(-EXP(D33)) -> 0.98102341 | E45: =EXP(-EXP(E33)) -> 0.98161551 | F45: =EXP(-EXP(F33)) -> 0.98218931 | G45: =EXP(-EXP(G33)) -> 0.98274535 | H45: =EXP(-EXP(H33)) -> 0.98328419 | I45: =EXP(-EXP(I33)) -> 0.98380633 | ... AZ45: =EXP(-EXP(AZ33)) -> 0.99588464
A46: 45-49 | B46: =EXP(-EXP(B34)) -> 0.99796207 | C46: =EXP(-EXP(C34)) -> 0.99805769 | D46: =EXP(-EXP(D34)) -> 0.99814882 | E46: =EXP(-EXP(E34)) -> 0.99823568 | F46: =EXP(-EXP(F34)) -> 0.99831847 | G46: =EXP(-EXP(G34)) -> 0.99839738 | H46: =EXP(-EXP(H34)) -> 0.99847259 | I46: =EXP(-EXP(I34)) -> 0.99854427 | ... AZ46: =EXP(-EXP(AZ34)) -> 0.9998159
A48: Paso 11:
A49: Estructuras porcentuales desacumuladas ajustadas
A51: Edad / Año | B51: 2020 | C51: 2021 | D51: 2022 | E51: 2023 | F51: 2024 | G51: 2025 | H51: 2026 | I51: 2027 | J51: 2028 | K51: 2029 | L51: 2030 | M51: 2031 | N51: 2032 | O51: 2033 | P51: 2034 | Q51: 2035 | R51: 2036 | S51: 2037 | T51: 2038 | U51: 2039 | V51: 2040 | W51: 2041 | X51: 2042 | Y51: 2043 | Z51: 2044 | AA51: 2045 | AB51: 2046 | AC51: 2047 | AD51: 2048 | AE51: 2049 | AF51: 2050 | AG51: 2051 | AH51: 2052 | AI51: 2053 | AJ51: 2054 | AK51: 2055 | AL51: 2056 | AM51: 2057 | AN51: 2058 | AO51: 2059 | AP51: 2060 | AQ51: 2061 | AR51: 2062 | AS51: 2063 | AT51: 2064 | AU51: 2065 | AV51: 2066 | AW51: 2067 | AX51: 2068 | AY51: 2069 | AZ51: 2070
A52: 15-19 | B52: =B41 -> 0.14763285 | C52: =C41 -> 0.14770873 | D52: =D41 -> 0.14778462 | E52: =E41 -> 0.14786054 | F52: =F41 -> 0.14793647 | G52: =G41 -> 0.14801242 | H52: =H41 -> 0.14808839 | I52: =I41 -> 0.14816438 | ... AZ52: =AZ41 -> 0.15144937
A53: 20-24 | B53: =B42-B41 -> 0.32133909 | C53: =C42-C41 -> 0.32365706 | D53: =D42-D41 -> 0.32597101 | E53: =E42-E41 -> 0.32828087 | F53: =F42-F41 -> 0.33058656 | G53: =G42-G41 -> 0.33288801 | H53: =H42-H41 -> 0.33518515 | I53: =I42-I41 -> 0.33747791 | ... AZ53: =AZ42-AZ41 -> 0.43106579
A54: 25-29 | B54: =B43-B42 -> 0.27157699 | C54: =C43-C42 -> 0.27210787 | D54: =D43-D42 -> 0.2726157 | E54: =E43-E42 -> 0.27310064 | F54: =F43-F42 -> 0.27356289 | G54: =G43-G42 -> 0.27400261 | H54: =H43-H42 -> 0.27442001 | I54: =I43-I42 -> 0.27481527 | ... AZ54: =AZ43-AZ42 -> 0.27375622
A55: 30-34 | B55: =B44-B43 -> 0.16627294 | C55: =C44-C43 -> 0.1651978 | D55: =D44-D43 -> 0.16411484 | E55: =E44-E43 -> 0.16302454 | F55: =F44-F43 -> 0.16192737 | G55: =G44-G43 -> 0.16082379 | H55: =H44-H43 -> 0.15971425 | I55: =I44-I43 -> 0.15859919 | ... AZ55: =AZ44-AZ43 -> 0.11016647
A56: 35-39 | B56: =B45-B44 -> 0.072960109 | C56: =C45-C44 -> 0.071740973 | D56: =D45-D44 -> 0.070537245 | E56: =E45-E44 -> 0.06934893 | F56: =F45-F44 -> 0.068176025 | G56: =G45-G44 -> 0.067018515 | H56: =H45-H44 -> 0.065876378 | I56: =I45-I44 -> 0.064749582 | ... AZ56: =AZ45-AZ44 -> 0.029446783
A57: 40-44 | B57: =B46-B45 -> 0.01818009 | C57: =C46-C45 -> 0.017645257 | D57: =D46-D45 -> 0.01712541 | E57: =E46-E45 -> 0.01662017 | F57: =F46-F45 -> 0.016129163 | G57: =G46-G45 -> 0.015652026 | H57: =H46-H45 -> 0.0151884 | I57: =I46-I45 -> 0.014737935 | ... AZ57: =AZ46-AZ45 -> 0.003931262
A58: 45-49 | B58: =1-B46 -> 0.0020379298 | C58: =1-C46 -> 0.0019423134 | D58: =1-D46 -> 0.001851179 | E58: =1-E46 -> 0.001764317 | F58: =1-F46 -> 0.0016815272 | G58: =1-G46 -> 0.0016026193 | H58: =1-H46 -> 0.0015274113 | I58: =1-I46 -> 0.0014557302 | ... AZ58: =1-AZ46 -> 0.00018410133
A60: Paso 12:
A61: Tasas Específicas de Fecundidad ajustadas
A63: Edad / Año | B63: 2020 | C63: 2021 | D63: 2022 | E63: 2023 | F63: 2024 | G63: 2025 | H63: 2026 | I63: 2027 | J63: 2028 | K63: 2029 | L63: 2030 | M63: 2031 | N63: 2032 | O63: 2033 | P63: 2034 | Q63: 2035 | R63: 2036 | S63: 2037 | T63: 2038 | U63: 2039 | V63: 2040 | W63: 2041 | X63: 2042 | Y63: 2043 | Z63: 2044 | AA63: 2045 | AB63: 2046 | AC63: 2047 | AD63: 2048 | AE63: 2049 | AF63: 2050 | AG63: 2051 | AH63: 2052 | AI63: 2053 | AJ63: 2054 | AK63: 2055 | AL63: 2056 | AM63: 2057 | AN63: 2058 | AO63: 2059 | AP63: 2060 | AQ63: 2061 | AR63: 2062 | AS63: 2063 | AT63: 2064 | AU63: 2065 | AV63: 2066 | AW63: 2067 | AX63: 2068 | AY63: 2069 | AZ63: 2070
A64: 15-19 | B64: =B52*B$21/5 -> 0.058624067 | C64: =C52*C$21/5 -> 0.057387335 | D64: =D52*D$21/5 -> 0.056356518 | E64: =E52*E$21/5 -> 0.055632477 | F64: =F52*F$21/5 -> 0.054996479 | G64: =G52*G$21/5 -> 0.054275578 | H64: =H52*H$21/5 -> 0.053501818 | I64: =I52*I$21/5 -> 0.052788726 | ... AZ64: =AZ52*AZ$21/5 -> 0.045619587
A65: 20-24 | B65: =B53*B$21/5 -> 0.12760171 | C65: =C53*C$21/5 -> 0.12574623 | D65: =D53*D$21/5 -> 0.12430651 | E65: =E53*E$21/5 -> 0.12351557 | F65: =F53*F$21/5 -> 0.12289801 | G65: =G53*G$21/5 -> 0.12206874 | H65: =H53*H$21/5 -> 0.1210967 | I65: =I53*I$21/5 -> 0.12023827 | ... AZ65: =AZ53*AZ$21/5 -> 0.12984566
A66: 25-29 | B66: =B54*B$21/5 -> 0.1078415 | C66: =C54*C$21/5 -> 0.1057185 | D66: =D54*D$21/5 -> 0.10395988 | E66: =E54*E$21/5 -> 0.10275402 | F66: =F54*F$21/5 -> 0.10169903 | G66: =G54*G$21/5 -> 0.10047569 | H66: =H54*H$21/5 -> 0.099143286 | I66: =I54*I$21/5 -> 0.097912523 | ... AZ66: =AZ54*AZ$21/5 -> 0.082460864
A67: 30-34 | B67: =B55*B$21/5 -> 0.066025928 | C67: =C55*C$21/5 -> 0.064182135 | D67: =D55*D$21/5 -> 0.062583919 | E67: =E55*E$21/5 -> 0.061337927 | F67: =F55*F$21/5 -> 0.0601977 | G67: =G55*G$21/5 -> 0.058973457 | H67: =H55*H$21/5 -> 0.057702043 | I67: =I55*I$21/5 -> 0.056506492 | ... AZ67: =AZ55*AZ$21/5 -> 0.033184349
A68: 35-39 | B68: =B56*B$21/5 -> 0.028971996 | C68: =C56*C$21/5 -> 0.02787258 | D68: =D56*D$21/5 -> 0.026898831 | E68: =E56*E$21/5 -> 0.026092512 | F68: =F56*F$21/5 -> 0.025344943 | G68: =G56*G$21/5 -> 0.024575429 | H68: =H56*H$21/5 -> 0.023800016 | I68: =I56*I$21/5 -> 0.023069296 | ... AZ68: =AZ56*AZ$21/5 -> 0.0088699615
A69: 40-44 | B69: =B57*B$21/5 -> 0.0072191983 | C69: =C57*C$21/5 -> 0.0068554805 | D69: =D57*D$21/5 -> 0.0065306422 | E69: =E57*E$21/5 -> 0.0062533332 | F69: =F57*F$21/5 -> 0.005996136 | G69: =G57*G$21/5 -> 0.0057395369 | H69: =H57*H$21/5 -> 0.0054873107 | I69: =I57*I$21/5 -> 0.0052509033 | ... AZ69: =AZ57*AZ$21/5 -> 0.0011841749
A70: 45-49 | B70: =B58*B$21/5 -> 0.00080924896 | C70: =C58*C$21/5 -> 0.00075462156 | D70: =D58*D$21/5 -> 0.00070593275 | E70: =E58*E$21/5 -> 0.00066382366 | F70: =F58*F$21/5 -> 0.00062512022 | G70: =G58*G$21/5 -> 0.00058767425 | H70: =H58*H$21/5 -> 0.00055182775 | I70: =I58*I$21/5 -> 0.00051865464 | ... AZ70: =AZ58*AZ$21/5 -> 5.5455014e-05
A72: Tabla tasas de fecundidad 1990-2070
A73: Edad / Año | B73: 1990 | C73: 1991 | D73: 1992 | E73: 1993 | F73: 1994 | G73: 1995 | H73: 1996 | I73: 1997 | J73: 1998 | K73: 1999 | L73: 2000 | M73: 2001 | N73: 2002 | O73: 2003 | P73: 2004 | Q73: 2005 | R73: 2006 | S73: 2007 | T73: 2008 | U73: 2009 | V73: 2010 | W73: 2011 | X73: 2012 | Y73: 2013 | Z73: 2014 | AA73: 2015 | AB73: 2016 | AC73: 2017 | AD73: 2018 | AE73: 2019 | AF73: 2020 | AG73: 2021 | AH73: 2022 | AI73: 2023 | AJ73: 2024 | AK73: 2025 | AL73: 2026 | AM73: 2027 | AN73: 2028 | AO73: 2029 | AP73: 2030 | AQ73: 2031 | AR73: 2032 | AS73: 2033 | AT73: 2034 | AU73: 2035 | AV73: 2036 | AW73: 2037 | AX73: 2038 | AY73: 2039 | AZ73: 2040 | BA73: 2041 | BB73: 2042 | BC73: 2043 | BD73: 2044 | BE73: 2045 | BF73: 2046 | BG73: 2047 | BH73: 2048 | BI73: 2049 | BJ73: 2050 | BK73: 2051 | BL73: 2052 | BM73: 2053 | BN73: 2054 | BO73: 2055 | BP73: 2056 | BQ73: 2057 | BR73: 2058 | BS73: 2059 | BT73: 2060 | BU73: 2061 | BV73: 2062 | BW73: 2063 | BX73: 2064 | BY73: 2065 | BZ73: 2066 | CA73: 2067 | CB73: 2068 | CC73: 2069 | CD73: 2070
A74: 15-19 | B74: =Bilogito!B179 -> 0.09842397 | C74: =Bilogito!C179 -> 0.097479252 | D74: =Bilogito!D179 -> 0.096296478 | E74: =Bilogito!E179 -> 0.095151378 | F74: =Bilogito!F179 -> 0.094071644 | G74: =Bilogito!G179 -> 0.09270388 | H74: =Bilogito!H179 -> 0.091636645 | I74: =Bilogito!I179 -> 0.090458034 | ... AE74: =Bilogito!AE179 -> 0.054837066 | AF74: =B64 -> 0.058624067 | AG74: =C64 -> 0.057387335 | AH74: =D64 -> 0.056356518 | AI74: =E64 -> 0.055632477 | AJ74: =F64 -> 0.054996479 | AK74: =G64 -> 0.054275578 | AL74: =H64 -> 0.053501818 | AM74: =I64 -> 0.052788726 | ... CD74: =AZ64 -> 0.045619587
A75: 20-24 | B75: =Bilogito!B180 -> 0.18249135 | C75: =Bilogito!C180 -> 0.17987879 | D75: =Bilogito!D180 -> 0.17646035 | E75: =Bilogito!E180 -> 0.17247508 | F75: =Bilogito!F180 -> 0.16831119 | G75: =Bilogito!G180 -> 0.16412383 | H75: =Bilogito!H180 -> 0.16024321 | I75: =Bilogito!I180 -> 0.15761862 | ... AE75: =Bilogito!AE180 -> 0.12114744 | AF75: =B65 -> 0.12760171 | AG75: =C65 -> 0.12574623 | AH75: =D65 -> 0.12430651 | AI75: =E65 -> 0.12351557 | AJ75: =F65 -> 0.12289801 | AK75: =G65 -> 0.12206874 | AL75: =H65 -> 0.1210967 | AM75: =I65 -> 0.12023827 | ... CD75: =AZ65 -> 0.12984566
A76: 25-29 | B76: =Bilogito!B181 -> 0.18223871 | C76: =Bilogito!C181 -> 0.17832151 | D76: =Bilogito!D181 -> 0.17367971 | E76: =Bilogito!E181 -> 0.16833433 | F76: =Bilogito!F181 -> 0.16271076 | G76: =Bilogito!G181 -> 0.15727421 | H76: =Bilogito!H181 -> 0.15210853 | I76: =Bilogito!I181 -> 0.14840242 | ... AE76: =Bilogito!AE181 -> 0.10959547 | AF76: =B66 -> 0.1078415 | AG76: =C66 -> 0.1057185 | AH76: =D66 -> 0.10395988 | AI76: =E66 -> 0.10275402 | AJ76: =F66 -> 0.10169903 | AK76: =G66 -> 0.10047569 | AL76: =H66 -> 0.099143286 | AM76: =I66 -> 0.097912523 | ... CD76: =AZ66 -> 0.082460864
A77: 30-34 | B77: =Bilogito!B182 -> 0.14422733 | C77: =Bilogito!C182 -> 0.14004881 | D77: =Bilogito!D182 -> 0.13547806 | E77: =Bilogito!E182 -> 0.13037882 | F77: =Bilogito!F182 -> 0.12503988 | G77: =Bilogito!G182 -> 0.11993783 | H77: =Bilogito!H182 -> 0.11507908 | I77: =Bilogito!I182 -> 0.11126415 | ... AE77: =Bilogito!AE182 -> 0.072508706 | AF77: =B67 -> 0.066025928 | AG77: =C67 -> 0.064182135 | AH77: =D67 -> 0.062583919 | AI77: =E67 -> 0.061337927 | AJ77: =F67 -> 0.0601977 | AK77: =G67 -> 0.058973457 | AL77: =H67 -> 0.057702043 | AM77: =I67 -> 0.056506492 | ... CD77: =AZ67 -> 0.033184349
A78: 35-39 | B78: =Bilogito!B183 -> 0.086839767 | C78: =Bilogito!C183 -> 0.083628713 | D78: =Bilogito!D183 -> 0.080339534 | E78: =Bilogito!E183 -> 0.07679701 | F78: =Bilogito!F183 -> 0.073117927 | G78: =Bilogito!G183 -> 0.069613245 | H78: =Bilogito!H183 -> 0.066291569 | I78: =Bilogito!I183 -> 0.063452785 | ... AE78: =Bilogito!AE183 -> 0.034659279 | AF78: =B68 -> 0.028971996 | AG78: =C68 -> 0.02787258 | AH78: =D68 -> 0.026898831 | AI78: =E68 -> 0.026092512 | AJ78: =F68 -> 0.025344943 | AK78: =G68 -> 0.024575429 | AL78: =H68 -> 0.023800016 | AM78: =I68 -> 0.023069296 | ... CD78: =AZ68 -> 0.0088699615
A79: 40-44 | B79: =Bilogito!B184 -> 0.032075581 | C79: =Bilogito!C184 -> 0.030597675 | D79: =Bilogito!D184 -> 0.029168793 | E79: =Bilogito!E184 -> 0.027685331 | F79: =Bilogito!F184 -> 0.026159846 | G79: =Bilogito!G184 -> 0.024706514 | H79: =Bilogito!H184 -> 0.023340333 | I79: =Bilogito!I184 -> 0.022078426 | ... AE79: =Bilogito!AE184 -> 0.0095643515 | AF79: =B69 -> 0.0072191983 | AG79: =C69 -> 0.0068554805 | AH79: =D69 -> 0.0065306422 | AI79: =E69 -> 0.0062533332 | AJ79: =F69 -> 0.005996136 | AK79: =G69 -> 0.0057395369 | AL79: =H69 -> 0.0054873107 | AM79: =I69 -> 0.0052509033 | ... CD79: =AZ69 -> 0.0011841749
A80: 45-49 | B80: =Bilogito!B185 -> 0.0062392397 | C80: =Bilogito!C185 -> 0.0058755958 | D80: =Bilogito!D185 -> 0.0055439641 | E80: =Bilogito!E185 -> 0.005213665 | F80: =Bilogito!F185 -> 0.004878361 | G80: =Bilogito!G185 -> 0.0045588332 | H80: =Bilogito!H185 -> 0.0042620427 | I80: =Bilogito!I185 -> 0.0039666696 | ... AE80: =Bilogito!AE185 -> 0.0012335861 | AF80: =B70 -> 0.00080924896 | AG80: =C70 -> 0.00075462156 | AH80: =D70 -> 0.00070593275 | AI80: =E70 -> 0.00066382366 | AJ80: =F70 -> 0.00062512022 | AK80: =G70 -> 0.00058767425 | AL80: =H70 -> 0.00055182775 | AM80: =I70 -> 0.00051865464 | ... CD80: =AZ70 -> 5.5455014e-05

Sheet CSV
A1: Año | B1: b | C1: a
A2: 1990 | B2: 0.92023851 | C2: 0.10685607 | E2: a | F2: -0.090936622 | G2: -0.096375004 | H2: -0.10181339 | I2: -0.10725177 | J2: -0.11269015 | K2: -0.11812853 | L2: -0.12356691 | M2: -0.12900529 | N2: -0.13444367 | O2: -0.13988206 | P2: -0.14532044 | Q2: -0.15075882 | R2: -0.1561972 | S2: -0.16163558 | T2: -0.16707396 | U2: -0.17251234 | V2: -0.17795073 | W2: -0.18338911 | X2: -0.18882749 | Y2: -0.19426587 | Z2: -0.19970425 | AA2: -0.20514263 | AB2: -0.21058102 | AC2: -0.2160194 | AD2: -0.22145778 | AE2: -0.22689616 | AF2: -0.23233454 | AG2: -0.23777292 | AH2: -0.2432113 | AI2: -0.24864969 | AJ2: -0.25408807 | AK2: -0.25952645 | AL2: -0.26496483 | AM2: -0.27040321 | AN2: -0.27584159 | AO2: -0.28127997 | AP2: -0.28671836 | AQ2: -0.29215674 | AR2: -0.29759512 | AS2: -0.3030335 | AT2: -0.30847188 | AU2: -0.31391026 | AV2: -0.31934864 | AW2: -0.32478703 | AX2: -0.33022541 | AY2: -0.33566379 | AZ2: -0.34110217 | BA2: -0.34654055 | BB2: -0.35197893 | BC2: -0.35741732 | BD2: -0.3628557
A3: 1991 | B3: 0.92536845 | C3: 0.096857123 | E3: b | F3: 1.1538082 | G3: 1.161873 | H3: 1.1699378 | I3: 1.1780026 | J3: 1.1860674 | K3: 1.1941321 | L3: 1.2021969 | M3: 1.2102617 | N3: 1.2183265 | O3: 1.2263913 | P3: 1.2344561 | Q3: 1.2425208 | R3: 1.2505856 | S3: 1.2586504 | T3: 1.2667152 | U3: 1.27478 | V3: 1.2828448 | W3: 1.2909096 | X3: 1.2989743 | Y3: 1.3070391 | Z3: 1.3151039 | AA3: 1.3231687 | AB3: 1.3312335 | AC3: 1.3392983 | AD3: 1.347363 | AE3: 1.3554278 | AF3: 1.3634926 | AG3: 1.3715574 | AH3: 1.3796222 | AI3: 1.387687 | AJ3: 1.3957518 | AK3: 1.4038165 | AL3: 1.4118813 | AM3: 1.4199461 | AN3: 1.4280109 | AO3: 1.4360757 | AP3: 1.4441405 | AQ3: 1.4522053 | AR3: 1.46027 | AS3: 1.4683348 | AT3: 1.4763996 | AU3: 1.4844644 | AV3: 1.4925292 | AW3: 1.500594 | AX3: 1.5086587 | AY3: 1.5167235 | AZ3: 1.5247883 | BA3: 1.5328531 | BB3: 1.5409179 | BC3: 1.5489827 | BD3: 1.5570475
A4: 1992 | B4: 0.92945232 | C4: 0.086941428
A5: 1993 | B5: 0.93310263 | C5: 0.075195773
A6: 1994 | B6: 0.93697926 | C6: 0.061796898
A7: 1995 | B7: 0.94120174 | C7: 0.049473366 | F7: 1.9854682 | G7: 1.9425845 | H7: 1.9067112 | I7: 1.8812483 | J7: 1.8587871 | K7: 1.8334805 | L7: 1.806415 | M7: 1.7814243 | N7: 1.7599059 | O7: 1.7405418 | P7: 1.7218535 | Q7: 1.7037267 | R7: 1.6868432 | S7: 1.6715592 | T7: 1.6576379 | U7: 1.6447017 | V7: 1.6326118 | W7: 1.6214294 | X7: 1.6111947 | Y7: 1.6018343 | Z7: 1.5932288 | AA7: 1.5852967 | AB7: 1.5780038 | AC7: 1.5713232 | AD7: 1.5652104 | AE7: 1.5596112 | AF7: 1.554478 | AG7: 1.5497748 | AH7: 1.5454713 | AI7: 1.5415361 | AJ7: 1.5379375 | AK7: 1.5346459 | AL7: 1.5316359 | AM7: 1.5288847 | AN7: 1.5263707 | AO7: 1.5240739 | AP7: 1.5219756 | AQ7: 1.5200586 | AR7: 1.5183078 | AS7: 1.5167089 | AT7: 1.515249 | AU7: 1.5139161 | AV7: 1.5126991 | AW7: 1.5115881 | AX7: 1.5105739 | AY7: 1.5096483 | AZ7: 1.5088034 | BA7: 1.5080323 | BB7: 1.5073285 | BC7: 1.5066863 | BD7: 1.5061003
A8: 1996 | B8: 0.94536545 | C8: 0.036095913
A9: 1997 | B9: 0.95196011 | C9: 0.024985626
A10: 1998 | B10: 0.96269221 | C10: 0.016987843
A11: 1999 | B11: 0.97738185 | C11: 0.011029413
A12: 2000 | B12: 0.99110012 | C12: 0.004311913
A13: 2001 | B13: 1.0016392 | C13: -0.0032771866
A14: 2002 | B14: 1.0101073 | C14: -0.010265292
A15: 2003 | B15: 1.0201245 | C15: -0.01302805
A16: 2004 | B16: 1.0317198 | C16: -0.013938564
A17: 2005 | B17: 1.0416154 | C17: -0.015747558
A18: 2006 | B18: 1.0494778 | C18: -0.020830525
A19: 2007 | B19: 1.0571477 | C19: -0.028900374
... A31: 2019 | B31: 1.0925145 | C31: -0.009225323
