Workbook

Sheet Pob_Mujeres
A1: Edad / Año | B1: 1950 | C1: 1951 | D1: 1952 | E1: 1953 | F1: 1954 | G1: 1955 | H1: 1956 | I1: 1957 | J1: 1958 | K1: 1959 | L1: 1960 | M1: 1961 | N1: 1962 | O1: 1963 | P1: 1964 | Q1: 1965 | R1: 1966 | S1: 1967 | T1: 1968 | U1: 1969 | V1: 1970 | W1: 1971 | X1: 1972 | Y1: 1973 | Z1: 1974 | AA1: 1975 | AB1: 1976 | AC1: 1977 | AD1: 1978 | AE1: 1979 | AF1: 1980 | AG1: 1981 | AH1: 1982 | AI1: 1983 | AJ1: 1984 | AK1: 1985 | AL1: 1986 | AM1: 1987 | AN1: 1988 | AO1: 1989 | AP1: 1990 | AQ1: 1991 | AR1: 1992 | AS1: 1993 | AT1: 1994 | AU1: 1995 | AV1: 1996 | AW1: 1997 | AX1: 1998 | AY1: 1999 | AZ1: 2000 | BA1: 2001 | BB1: 2002 | BC1: 2003 | BD1: 2004 | BE1: 2005 | BF1: 2006 | BG1: 2007 | BH1: 2008 | BI1: 2009 | BJ1: 2010 | BK1: 2011 | BL1: 2012 | BM1: 2013 | BN1: 2014 | BO1: 2015 | BP1: 2016 | BQ1: 2017 | BR1: 2018 | BS1: 2019 | BT1: 2020 | BU1: 2021 | BV1: 2022 | BW1: 2023 | BX1: 2024 | BY1: 2025 | BZ1: 2026 | CA1: 2027 | CB1: 2028 | CC1: 2029 | CD1: 2030 | CE1: 2031 | CF1: 2032 | CG1: 2033 | CH1: 2034 | CI1: 2035 | CJ1: 2036 | CK1: 2037 | CL1: 2038 | CM1: 2039 | CN1: 2040 | CO1: 2041 | CP1: 2042 | CQ1: 2043 | CR1: 2044 | CS1: 2045 | CT1: 2046 | CU1: 2047 | CV1: 2048 | CW1: 2049 | CX1: 2050 | CY1: 2051 | CZ1: 2052 | DA1: 2053 | DB1: 2054 | DC1: 2055 | DD1: 2056 | DE1: 2057 | DF1: 2058 | DG1: 2059 | DH1: 2060 | DI1: 2061 | DJ1: 2062 | DK1: 2063 | DL1: 2064 | DM1: 2065 | DN1: 2066 | DO1: 2067 | DP1: 2068 | DQ1: 2069 | DR1: 2070
A2: Nacimientos_mujeres | B2: =Fecundidad_quinq!B27 -> 624114.63 | C2: =Fecundidad_quinq!C27 -> 637542.44 | D2: =Fecundidad_quinq!D27 -> 656048.29 | E2: =Fecundidad_quinq!E27 -> 678082.93 | F2: =Fecundidad_quinq!F27 -> 701977.56 | G2: =Fecundidad_quinq!G27 -> 725233.17 | H2: =Fecundidad_quinq!H27 -> 745974.63 | I2: =Fecundidad_quinq!I27 -> 767729.27 | ... BT2: =Fecundidad_quinq!BT27 -> 0
A3: 0 | B3: 568159 | C3: 577657 | D3: 594071 | E3: 613919 | F3: 637887 | G3: 664331 | H3: 687186 | I3: 709353 | J3: 734135 | K3: 761687 | L3: 789861 | M3: 817039 | N3: 843057 | O3: 869110 | P3: 894980 | Q3: 918818 | R3: 940802 | S3: 963564 | T3: 988138 | U3: 1013052 | V3: 1035566 | W3: 1057292 | X3: 1079355 | Y3: 1098834 | Z3: 1113078 | AA3: 1120216 | AB3: 1119863 | AC3: 1114898 | AD3: 1110564 | AE3: 1109767 | AF3: 1112820 | AG3: 1118950 | AH3: 1127826 | AI3: 1138284 | AJ3: 1148996 | AK3: 1158565 | AL3: 1165584 | AM3: 1171628 | AN3: 1178909 | AO3: 1187825 | AP3: 1199002 | AQ3: 1211052 | AR3: 1218077 | AS3: 1217522 | AT3: 1211511 | AU3: 1201764 | AV3: 1190169 | AW3: 1180559 | AX3: 1177188 | AY3: 1179706 | AZ3: 1180786 | BA3: 1174619 | BB3: 1162310 | BC3: 1149001 | BD3: 1139422 | BE3: 1134996 | BF3: 1135595 | BG3: 1140270 | BH3: 1145414 | BI3: 1147389 | BJ3: 1143986 | BK3: 1134496 | BL3: 1120894 | BM3: 1108343 | BN3: 1098548 | BO3: 1086717 | BP3: 1068484 | BQ3: 1049485 | BR3: 1041110 | BS3: 1039522 | BT3: =BS2*nSx_Mujeres!BS2 -> 1034797.5 | BU3: =BT2*nSx_Mujeres!BT2 -> 0 | BV3: =BU2*nSx_Mujeres!BU2 -> 0 | BW3: =BV2*nSx_Mujeres!BV2 -> 0 | BX3: =BW2*nSx_Mujeres!BW2 -> 0 | BY3: =BX2*nSx_Mujeres!BX2 -> 0 | BZ3: =BY2*nSx_Mujeres!BY2 -> 0 | CA3: =BZ2*nSx_Mujeres!BZ2 -> 0 | ... DN3: =DM2*nSx_Mujeres!DM2 -> 0
A4: 1 | B4: 516674 | C4: 524131 | D4: 534601 | E4: 551292 | F4: 572190 | G4: 598676 | H4: 625741 | I4: 649509 | J4: 672357 | K4: 697516 | L4: 724941 | M4: 752809 | N4: 779936 | O4: 806067 | P4: 832251 | Q4: 858393 | R4: 882577 | S4: 904743 | T4: 927696 | U4: 952605 | V4: 976468 | W4: 999848 | X4: 1024410 | Y4: 1047745 | Z4: 1068275 | AA4: 1083771 | AB4: 1092545 | AC4: 1093888 | AD4: 1090524 | AE4: 1087948 | AF4: 1088866 | AG4: 1093255 | AH4: 1100399 | AI4: 1110168 | AJ4: 1121409 | AK4: 1132724 | AL4: 1142724 | AM4: 1150078 | AN4: 1156557 | AO4: 1163836 | AP4: 1172842 | AQ4: 1184891 | AR4: 1197655 | AS4: 1205123 | AT4: 1205093 | AU4: 1199621 | AV4: 1190310 | AW4: 1178902 | AX4: 1169301 | AY4: 1165685 | AZ4: 1168285 | BA4: 1170490 | BB4: 1165742 | BC4: 1154664 | BD4: 1142231 | BE4: 1134099 | BF4: 1131776 | BG4: 1134207 | BH4: 1138674 | BI4: 1142582 | BJ4: 1144191 | BK4: 1140449 | BL4: 1130337 | BM4: 1116372 | BN4: 1103314 | BO4: 1092467 | BP4: 1080174 | BQ4: 1062388 | BR4: 1044247 | BS4: 1036319 | BT4: =BS3*nSx_Mujeres!BS3 -> 1037454 | BU4: =BT3*nSx_Mujeres!BT3 -> 0 | BV4: =BU3*nSx_Mujeres!BU3 -> 0 | BW4: =BV3*nSx_Mujeres!BV3 -> 0 | BX4: =BW3*nSx_Mujeres!BW3 -> 0 | BY4: =BX3*nSx_Mujeres!BX3 -> 0 | BZ4: =BY3*nSx_Mujeres!BY3 -> 0 | CA4: =BZ3*nSx_Mujeres!BZ3 -> 0 | ... DN4: =DM3*nSx_Mujeres!DM3 -> 0
A5: 2 | B5: 483825 | C5: 492911 | D5: 501142 | E5: 512434 | F5: 529988 | G5: 552614 | H5: 579664 | I5: 607361 | J5: 631551 | K5: 654818 | L5: 680026 | M5: 707339 | N5: 735311 | O5: 762641 | P5: 788980 | Q5: 815548 | R5: 842105 | S5: 866529 | T5: 888970 | U5: 912349 | V5: 936579 | W5: 961035 | X5: 986460 | Y5: 1011913 | Z5: 1035864 | AA5: 1056933 | AB5: 1073044 | AC5: 1082289 | AD5: 1083958 | AE5: 1081119 | AF5: 1079118 | AG5: 1080411 | AH5: 1085029 | AI5: 1092401 | AJ5: 1102361 | AK5: 1113642 | AL5: 1124830 | AM5: 1134596 | AN5: 1141799 | AO5: 1148199 | AP5: 1155443 | AQ5: 1164451 | AR5: 1176534 | AS5: 1189412 | AT5: 1197082 | AU5: 1197292 | AV5: 1191969 | AW5: 1182585 | AX5: 1170976 | AY5: 1160995 | AZ5: 1157322 | BA5: 1160802 | BB5: 1164129 | BC5: 1160347 | BD5: 1150002 | BE5: 1138940 | BF5: 1132804 | BG5: 1132216 | BH5: 1134439 | BI5: 1137739 | BJ5: 1141281 | BK5: 1142524 | BL5: 1138138 | BM5: 1127643 | BN5: 1113195 | BO5: 1099169 | BP5: 1087894 | BQ5: 1075982 | BR5: 1058952 | BS5: 1041226 | BT5: =BS4*nSx_Mujeres!BS4 -> 1035600.4 | BU5: =BT4*nSx_Mujeres!BT4 -> 0 | BV5: =BU4*nSx_Mujeres!BU4 -> 0 | BW5: =BV4*nSx_Mujeres!BV4 -> 0 | BX5: =BW4*nSx_Mujeres!BW4 -> 0 | BY5: =BX4*nSx_Mujeres!BX4 -> 0 | BZ5: =BY4*nSx_Mujeres!BY4 -> 0 | CA5: =BZ4*nSx_Mujeres!BZ4 -> 0 | ... DN5: =DM4*nSx_Mujeres!DM4 -> 0
A6: 3 | B6: 460137 | C6: 470070 | D6: 479513 | E6: 488345 | F6: 500309 | G6: 518912 | H6: 541894 | I6: 569251 | J6: 596978 | K6: 621336 | L6: 644665 | M6: 669862 | N6: 697197 | O6: 725211 | P6: 752599 | Q6: 779107 | R6: 805816 | S6: 832439 | T6: 856870 | U6: 879391 | V6: 902343 | W6: 926792 | X6: 952212 | Y6: 978077 | Z6: 1003983 | AA6: 1028257 | AB6: 1049509 | AC6: 1065722 | AD6: 1075213 | AE6: 1077255 | AF6: 1074757 | AG6: 1073041 | AH6: 1074523 | AI6: 1079253 | AJ6: 1086660 | AK6: 1096525 | AL6: 1107594 | AM6: 1118509 | AN6: 1128019 | AO6: 1135034 | AP6: 1141279 | AQ6: 1148481 | AR6: 1157541 | AS6: 1169662 | AT6: 1182630 | AU6: 1190426 | AV6: 1190656 | AW6: 1185172 | AX6: 1175529 | AY6: 1163535 | AZ6: 1153522 | BA6: 1150700 | BB6: 1155192 | BC6: 1159369 | BD6: 1156257 | BE6: 1147211 | BF6: 1138076 | BG6: 1133618 | BH6: 1132836 | BI6: 1133899 | BJ6: 1136806 | BK6: 1139984 | BL6: 1140604 | BM6: 1135865 | BN6: 1124932 | BO6: 1109596 | BP6: 1095197 | BQ6: 1084290 | BR6: 1073059 | BS6: 1056408 | BT6: =BS5*nSx_Mujeres!BS5 -> 1040768.4 | BU6: =BT5*nSx_Mujeres!BT5 -> 0 | BV6: =BU5*nSx_Mujeres!BU5 -> 0 | BW6: =BV5*nSx_Mujeres!BV5 -> 0 | BX6: =BW5*nSx_Mujeres!BW5 -> 0 | BY6: =BX5*nSx_Mujeres!BX5 -> 0 | BZ6: =BY5*nSx_Mujeres!BY5 -> 0 | CA6: =BZ5*nSx_Mujeres!BZ5 -> 0 | ... DN6: =DM5*nSx_Mujeres!DM5 -> 0
A7: 4 | B7: 440962 | C7: 451303 | D7: 461388 | E7: 471193 | F7: 480510 | G7: 493190 | H7: 512023 | I7: 535186 | J7: 562452 | K7: 590191 | L7: 614568 | M7: 637915 | N7: 663105 | O7: 690416 | P7: 718416 | Q7: 745851 | R7: 772370 | S7: 799070 | T7: 825580 | U7: 849922 | V7: 872127 | W7: 895139 | X7: 920075 | Y7: 945729 | Z7: 971937 | AA7: 998057 | AB7: 1022348 | AC7: 1043557 | AD7: 1059948 | AE7: 1069712 | AF7: 1071972 | AG7: 1069698 | AH7: 1068149 | AI7: 1069707 | AJ7: 1074425 | AK7: 1081700 | AL7: 1091331 | AM7: 1102118 | AN7: 1112744 | AO7: 1122015 | AP7: 1128832 | AQ7: 1135023 | AR7: 1142284 | AS7: 1151367 | AT7: 1163552 | AU7: 1176595 | AV7: 1184341 | AW7: 1184363 | AX7: 1178593 | AY7: 1168568 | AZ7: 1156549 | BA7: 1147379 | BB7: 1145541 | BC7: 1150837 | BD7: 1155635 | BE7: 1153753 | BF7: 1146574 | BG7: 1139060 | BH7: 1134420 | BI7: 1132509 | BJ7: 1133180 | BK7: 1135732 | BL7: 1138318 | BM7: 1138599 | BN7: 1133449 | BO7: 1121686 | BP7: 1106027 | BQ7: 1091990 | BR7: 1081722 | BS7: 1070832 | BT7: =BS6*nSx_Mujeres!BS6 -> 1056056.7 | BU7: =BT6*nSx_Mujeres!BT6 -> 0 | BV7: =BU6*nSx_Mujeres!BU6 -> 0 | BW7: =BV6*nSx_Mujeres!BV6 -> 0 | BX7: =BW6*nSx_Mujeres!BW6 -> 0 | BY7: =BX6*nSx_Mujeres!BX6 -> 0 | BZ7: =BY6*nSx_Mujeres!BY6 -> 0 | CA7: =BZ6*nSx_Mujeres!BZ6 -> 0 | ... DN7: =DM6*nSx_Mujeres!DM6 -> 0
A8: 5 | B8: 424413 | C8: 434897 | D8: 445284 | E8: 455588 | F8: 465720 | G8: 475519 | H8: 488376 | I8: 507321 | J8: 530376 | K8: 557610 | L8: 585320 | M8: 609698 | N8: 633022 | O8: 658168 | P8: 685437 | Q8: 713422 | R8: 740795 | S8: 767265 | T8: 793809 | U8: 820148 | V8: 844219 | W8: 866403 | X8: 889660 | Y8: 914723 | Z8: 940644 | AA8: 966998 | AB8: 993055 | AC8: 1017241 | AD8: 1038585 | AE8: 1055173 | AF8: 1065069 | AG8: 1067489 | AH8: 1065353 | AI8: 1063870 | AJ8: 1065406 | AK8: 1069985 | AL8: 1077029 | AM8: 1086385 | AN8: 1096873 | AO8: 1107248 | AP8: 1116291 | AQ8: 1123037 | AR8: 1129280 | AS8: 1136561 | AT8: 1145715 | AU8: 1157964 | AV8: 1170928 | AW8: 1178433 | AX8: 1178152 | AY8: 1171989 | AZ8: 1161935 | BA8: 1150737 | BB8: 1142538 | BC8: 1141496 | BD8: 1147391 | BE8: 1153356 | BF8: 1153268 | BG8: 1147654 | BH8: 1139964 | BI8: 1134231 | BJ8: 1131936 | BK8: 1132265 | BL8: 1134251 | BM8: 1136519 | BN8: 1136414 | BO8: 1130490 | BP8: 1118428 | BQ8: 1103121 | BR8: 1089693 | BS8: 1079737 | BT8: =BS7*nSx_Mujeres!BS7 -> 1070538.2 | BU8: =BT7*nSx_Mujeres!BT7 -> 0 | BV8: =BU7*nSx_Mujeres!BU7 -> 0 | BW8: =BV7*nSx_Mujeres!BV7 -> 0 | BX8: =BW7*nSx_Mujeres!BW7 -> 0 | BY8: =BX7*nSx_Mujeres!BX7 -> 0 | BZ8: =BY7*nSx_Mujeres!BY7 -> 0 | CA8: =BZ7*nSx_Mujeres!BZ7 -> 0 | ... DN8: =DM7*nSx_Mujeres!DM7 -> 0
A9: 6 | B9: 408383 | C9: 420070 | D9: 430543 | E9: 441059 | F9: 451587 | G9: 462026 | H9: 471946 | I9: 484891 | J9: 503733 | K9: 526757 | L9: 553956 | M9: 581638 | N9: 605968 | O9: 629239 | P9: 654339 | Q9: 681565 | R9: 709451 | S9: 736747 | T9: 763045 | U9: 789390 | V9: 815484 | W9: 839474 | X9: 861761 | Y9: 885088 | Z9: 910354 | AA9: 936372 | AB9: 962637 | AC9: 988559 | AD9: 1012840 | AE9: 1034329 | AF9: 1050996 | AG9: 1060989 | AH9: 1063511 | AI9: 1061433 | AJ9: 1059928 | AK9: 1061323 | AL9: 1065681 | AM9: 1072458 | AN9: 1081523 | AO9: 1091762 | AP9: 1101892 | AQ9: 1110855 | AR9: 1117647 | AS9: 1123915 | AT9: 1131264 | AU9: 1140491 | AV9: 1152663 | AW9: 1165367 | AX9: 1172544 | AY9: 1171862 | AZ9: 1165660 | BA9: 1156391 | BB9: 1146140 | BC9: 1138725 | BD9: 1138283 | BE9: 1145306 | BF9: 1152986 | BG9: 1154406 | BH9: 1148622 | BI9: 1139880 | BJ9: 1133764 | BK9: 1131138 | BL9: 1130932 | BM9: 1132622 | BN9: 1134533 | BO9: 1133697 | BP9: 1127487 | BQ9: 1115757 | BR9: 1101034 | BS9: 1087909 | BT9: =BS8*nSx_Mujeres!BS8 -> 1079478.5 | BU9: =BT8*nSx_Mujeres!BT8 -> 0 | BV9: =BU8*nSx_Mujeres!BU8 -> 0 | BW9: =BV8*nSx_Mujeres!BV8 -> 0 | BX9: =BW8*nSx_Mujeres!BW8 -> 0 | BY9: =BX8*nSx_Mujeres!BX8 -> 0 | BZ9: =BY8*nSx_Mujeres!BY8 -> 0 | CA9: =BZ8*nSx_Mujeres!BZ8 -> 0 | ... DN9: =DM8*nSx_Mujeres!DM8 -> 0
A10: 7 | B10: 392893 | C10: 405145 | D10: 416781 | E10: 427328 | F10: 438000 | G10: 448729 | H10: 459235 | I10: 469212 | J10: 482076 | K10: 500894 | L10: 523899 | M10: 551068 | N10: 578678 | O10: 602938 | P10: 626162 | Q10: 651213 | R10: 678329 | S10: 706123 | T10: 733237 | U10: 759328 | V10: 785456 | W10: 811430 | X10: 835427 | Y10: 857748 | Z10: 881232 | AA10: 906574 | AB10: 932489 | AC10: 958600 | AD10: 984590 | AE10: 1008986 | AF10: 1030517 | AG10: 1047238 | AH10: 1057288 | AI10: 1059840 | AJ10: 1057734 | AK10: 1056100 | AL10: 1057289 | AM10: 1061388 | AN10: 1067893 | AO10: 1076716 | AP10: 1086716 | AQ10: 1096763 | AR10: 1105753 | AS10: 1112560 | AT10: 1118894 | AU10: 1126320 | AV10: 1135489 | AW10: 1147421 | AX10: 1159791 | AY10: 1166555 | AZ10: 1165812 | BA10: 1160355 | BB10: 1151986 | BC10: 1142502 | BD10: 1135697 | BE10: 1136352 | BF10: 1145013 | BG10: 1154140 | BH10: 1155401 | BI10: 1148599 | BJ10: 1139485 | BK10: 1133057 | BL10: 1129921 | BM10: 1129435 | BN10: 1130793 | BO10: 1132024 | BP10: 1130920 | BQ10: 1125020 | BR10: 1113834 | BS10: 1099402 | BT10: =BS9*nSx_Mujeres!BS9 -> 1087669.8 | BU10: =BT9*nSx_Mujeres!BT9 -> 0 | BV10: =BU9*nSx_Mujeres!BU9 -> 0 | BW10: =BV9*nSx_Mujeres!BV9 -> 0 | BX10: =BW9*nSx_Mujeres!BW9 -> 0 | BY10: =BX9*nSx_Mujeres!BX9 -> 0 | BZ10: =BY9*nSx_Mujeres!BY9 -> 0 | CA10: =BZ9*nSx_Mujeres!BZ9 -> 0 | ... DN10: =DM9*nSx_Mujeres!DM9 -> 0
A11: 8 | B11: 379793 | C11: 390389 | D11: 402573 | E11: 414240 | F11: 424896 | G11: 435702 | H11: 446468 | I11: 456996 | J11: 466901 | K11: 479758 | L11: 498568 | M11: 521558 | N11: 548656 | O11: 576177 | P11: 600381 | Q11: 623553 | R11: 648496 | S11: 675517 | T11: 703131 | U11: 730037 | V11: 755930 | W11: 781929 | X11: 807857 | Y11: 831843 | Z11: 854280 | AA11: 877824 | AB11: 903058 | AC11: 928822 | AD11: 954981 | AE11: 981064 | AF11: 1005473 | AG11: 1027033 | AH11: 1043770 | AI11: 1053824 | AJ11: 1056339 | AK11: 1054105 | AL11: 1052275 | AM11: 1053220 | AN11: 1057063 | AO11: 1063339 | AP11: 1071938 | AQ11: 1081851 | AR11: 1091914 | AS11: 1100909 | AT11: 1107783 | AU11: 1114192 | AV11: 1121568 | AW11: 1130526 | AX11: 1142148 | AY11: 1154102 | AZ11: 1160777 | BA11: 1160726 | BB11: 1156126 | BC11: 1148497 | BD11: 1139613 | BE11: 1133879 | BF11: 1136112 | BG11: 1146153 | BH11: 1155132 | BI11: 1155418 | BJ11: 1148257 | BK11: 1138838 | BL11: 1131918 | BM11: 1128524 | BN11: 1127736 | BO11: 1128455 | BP11: 1129439 | BQ11: 1128626 | BR11: 1123228 | BS11: 1112323 | BT11: =BS10*nSx_Mujeres!BS10 -> 1099167.9 | BU11: =BT10*nSx_Mujeres!BT10 -> 0 | BV11: =BU10*nSx_Mujeres!BU10 -> 0 | BW11: =BV10*nSx_Mujeres!BV10 -> 0 | BX11: =BW10*nSx_Mujeres!BW10 -> 0 | BY11: =BX10*nSx_Mujeres!BX10 -> 0 | BZ11: =BY10*nSx_Mujeres!BY10 -> 0 | CA11: =BZ10*nSx_Mujeres!BZ10 -> 0 | ... DN11: =DM10*nSx_Mujeres!DM10 -> 0
A12: 9 | B12: 367676 | C12: 377774 | D12: 388307 | E12: 400498 | F12: 412236 | G12: 422983 | H12: 433809 | I12: 444576 | J12: 455029 | K12: 464929 | L12: 477795 | M12: 496601 | N12: 519537 | O12: 546550 | P12: 574003 | Q12: 598146 | R12: 621214 | S12: 646066 | T12: 672918 | U12: 700331 | V12: 727058 | W12: 752816 | X12: 778735 | Y12: 804615 | Z12: 828683 | AA12: 851159 | AB12: 874606 | AC12: 899690 | AD12: 925484 | AE12: 951725 | AF12: 977809 | AG12: 1002224 | AH12: 1023771 | AI12: 1040494 | AJ12: 1050489 | AK12: 1052863 | AL12: 1050434 | AM12: 1048375 | AN12: 1049084 | AO12: 1052714 | AP12: 1058784 | AQ12: 1067300 | AR12: 1077225 | AS12: 1087290 | AT12: 1096342 | AU12: 1103281 | AV12: 1109659 | AW12: 1116840 | AX12: 1125513 | AY12: 1136747 | AZ12: 1148598 | BA12: 1155910 | BB12: 1156666 | BC12: 1152762 | BD12: 1145713 | BE12: 1137876 | BF12: 1133667 | BG12: 1137217 | BH12: 1147117 | BI12: 1155163 | BJ12: 1155102 | BK12: 1147645 | BL12: 1137755 | BM12: 1130596 | BN12: 1126914 | BO12: 1125526 | BP12: 1126023 | BQ12: 1127278 | BR12: 1126936 | BS12: 1121806 | BT12: =BS11*nSx_Mujeres!BS11 -> 1112081.1 | BU12: =BT11*nSx_Mujeres!BT11 -> 0 | BV12: =BU11*nSx_Mujeres!BU11 -> 0 | BW12: =BV11*nSx_Mujeres!BV11 -> 0 | BX12: =BW11*nSx_Mujeres!BW11 -> 0 | BY12: =BX11*nSx_Mujeres!BX11 -> 0 | BZ12: =BY11*nSx_Mujeres!BY11 -> 0 | CA12: =BZ11*nSx_Mujeres!BZ11 -> 0 | ... DN12: =DM11*nSx_Mujeres!DM11 -> 0
A13: 10 | B13: 355298 | C13: 365985 | D13: 376021 | E13: 386557 | F13: 398794 | G13: 410590 | H13: 421348 | I13: 432164 | J13: 442858 | K13: 453298 | L13: 463209 | M13: 476087 | N13: 494855 | O13: 517723 | P13: 544673 | Q13: 572053 | R13: 596088 | S13: 619068 | T13: 643769 | U13: 670435 | V13: 697680 | W13: 724269 | X13: 749933 | Y13: 775785 | Z13: 801711 | AA13: 825791 | AB13: 848181 | AC13: 871486 | AD13: 896589 | AE13: 922457 | AF13: 948695 | AG13: 974768 | AH13: 999166 | AI13: 1020680 | AJ13: 1037328 | AK13: 1047154 | AL13: 1049317 | AM13: 1046671 | AN13: 1044392 | AO13: 1044906 | AP13: 1048346 | AQ13: 1054348 | AR13: 1062876 | AS13: 1072809 | AT13: 1082922 | AU13: 1092023 | AV13: 1098931 | AW13: 1105123 | AX13: 1112053 | AY13: 1120376 | AZ13: 1131512 | BA13: 1143950 | BB13: 1152007 | BC13: 1153420 | BD13: 1150074 | BE13: 1144039 | BF13: 1137669 | BG13: 1134721 | BH13: 1138137 | BI13: 1147146 | BJ13: 1154852 | BK13: 1154503 | BL13: 1146586 | BM13: 1136467 | BN13: 1129041 | BO13: 1124793 | BP13: 1123200 | BQ13: 1123958 | BR13: 1125660 | BS13: 1125572 | BT13: =BS12*nSx_Mujeres!BS12 -> 1121544.5 | BU13: =BT12*nSx_Mujeres!BT12 -> 0 | BV13: =BU12*nSx_Mujeres!BU12 -> 0 | BW13: =BV12*nSx_Mujeres!BV12 -> 0 | BX13: =BW12*nSx_Mujeres!BW12 -> 0 | BY13: =BX12*nSx_Mujeres!BX12 -> 0 | BZ13: =BY12*nSx_Mujeres!BY12 -> 0 | CA13: =BZ12*nSx_Mujeres!BZ12 -> 0 | ... DN13: =DM12*nSx_Mujeres!DM12 -> 0
A14: 11 | B14: 343374 | C14: 353828 | D14: 364452 | E14: 374487 | F14: 385059 | G14: 397334 | H14: 409132 | I14: 419872 | J14: 430621 | K14: 441300 | L14: 451742 | M14: 461669 | N14: 474529 | O14: 493245 | P14: 516068 | Q14: 542947 | R14: 570209 | S14: 594151 | T14: 616998 | U14: 641533 | V14: 668047 | W14: 695159 | X14: 721636 | Y14: 747225 | Z14: 773096 | AA14: 799016 | AB14: 823015 | AC14: 845271 | AD14: 868588 | AE14: 893762 | AF14: 919626 | AG14: 945845 | AH14: 971884 | AI14: 996239 | AJ14: 1017665 | AK14: 1034129 | AL14: 1043731 | AM14: 1045663 | AN14: 1042805 | AO14: 1040345 | AP14: 1040696 | AQ14: 1044073 | AR14: 1050091 | AS14: 1058631 | AT14: 1068609 | AU14: 1078768 | AV14: 1087826 | AW14: 1094564 | AX14: 1100519 | AY14: 1107123 | AZ14: 1115371 | BA14: 1127081 | BB14: 1140210 | BC14: 1148874 | BD14: 1150816 | BE14: 1148445 | BF14: 1143826 | BG14: 1138671 | BH14: 1135593 | BI14: 1138145 | BJ14: 1146819 | BK14: 1154244 | BL14: 1153445 | BM14: 1145306 | BN14: 1134937 | BO14: 1126962 | BP14: 1122523 | BQ14: 1121184 | BR14: 1122375 | BS14: 1124323 | BT14: =BS13*nSx_Mujeres!BS13 -> 1125280.4 | BU14: =BT13*nSx_Mujeres!BT13 -> 0 | BV14: =BU13*nSx_Mujeres!BU13 -> 0 | BW14: =BV13*nSx_Mujeres!BV13 -> 0 | BX14: =BW13*nSx_Mujeres!BW13 -> 0 | BY14: =BX13*nSx_Mujeres!BX13 -> 0 | BZ14: =BY13*nSx_Mujeres!BY13 -> 0 | CA14: =BZ13*nSx_Mujeres!BZ13 -> 0 | ... DN14: =DM13*nSx_Mujeres!DM13 -> 0
... A112: 109 | B112: 0 | C112: 0 | D112: 0 | E112: 0 | F112: 0 | G112: 0 | H112: 0 | I112: 0 | J112: 0 | K112: 0 | L112: 0 | M112: 0 | N112: 0 | O112: 0 | P112: 0 | Q112: 0 | R112: 0 | S112: 0 | T112: 0 | U112: 0 | V112: 0 | W112: 1 | X112: 1 | Y112: 1 | Z112: 1 | AA112: 1 | AB112: 1 | AC112: 0 | AD112: 0 | AE112: 0 | AF112: 1 | AG112: 1 | AH112: 1 | AI112: 1 | AJ112: 1 | AK112: 1 | AL112: 1 | AM112: 1 | AN112: 1 | AO112: 2 | AP112: 3 | AQ112: 2 | AR112: 3 | AS112: 3 | AT112: 4 | AU112: 4 | AV112: 3 | AW112: 4 | AX112: 4 | AY112: 5 | AZ112: 7 | BA112: 6 | BB112: 7 | BC112: 7 | BD112: 9 | BE112: 10 | BF112: 10 | BG112: 14 | BH112: 12 | BI112: 13 | BJ112: 14 | BK112: 17 | BL112: 18 | BM112: 20 | BN112: 21 | BO112: 23 | BP112: 26 | BQ112: 29 | BR112: 30 | BS112: 32 | BT112: =BS111*nSx_Mujeres!BS111 -> 21.801108 | BU112: =BT111*nSx_Mujeres!BT111 -> 0 | BV112: =BU111*nSx_Mujeres!BU111 -> 0 | BW112: =BV111*nSx_Mujeres!BV111 -> 0 | BX112: =BW111*nSx_Mujeres!BW111 -> 0 | BY112: =BX111*nSx_Mujeres!BX111 -> 0 | BZ112: =BY111*nSx_Mujeres!BY111 -> 0 | CA112: =BZ111*nSx_Mujeres!BZ111 -> 0 | ... DN112: =DM111*nSx_Mujeres!DM111 -> 0

Sheet Pob_Hombres
A1: Edad / Año | B1: 1950 | C1: 1951 | D1: 1952 | E1: 1953 | F1: 1954 | G1: 1955 | H1: 1956 | I1: 1957 | J1: 1958 | K1: 1959 | L1: 1960 | M1: 1961 | N1: 1962 | O1: 1963 | P1: 1964 | Q1: 1965 | R1: 1966 | S1: 1967 | T1: 1968 | U1: 1969 | V1: 1970 | W1: 1971 | X1: 1972 | Y1: 1973 | Z1: 1974 | AA1: 1975 | AB1: 1976 | AC1: 1977 | AD1: 1978 | AE1: 1979 | AF1: 1980 | AG1: 1981 | AH1: 1982 | AI1: 1983 | AJ1: 1984 | AK1: 1985 | AL1: 1986 | AM1: 1987 | AN1: 1988 | AO1: 1989 | AP1: 1990 | AQ1: 1991 | AR1: 1992 | AS1: 1993 | AT1: 1994 | AU1: 1995 | AV1: 1996 | AW1: 1997 | AX1: 1998 | AY1: 1999 | AZ1: 2000 | BA1: 2001 | BB1: 2002 | BC1: 2003 | BD1: 2004 | BE1: 2005 | BF1: 2006 | BG1: 2007 | BH1: 2008 | BI1: 2009 | BJ1: 2010 | BK1: 2011 | BL1: 2012 | BM1: 2013 | BN1: 2014 | BO1: 2015 | BP1: 2016 | BQ1: 2017 | BR1: 2018 | BS1: 2019 | BT1: 2020 | BU1: 2021 | BV1: 2022 | BW1: 2023 | BX1: 2024 | BY1: 2025 | BZ1: 2026 | CA1: 2027 | CB1: 2028 | CC1: 2029 | CD1: 2030 | CE1: 2031 | CF1: 2032 | CG1: 2033 | CH1: 2034 | CI1: 2035 | CJ1: 2036 | CK1: 2037 | CL1: 2038 | CM1: 2039 | CN1: 2040 | CO1: 2041 | CP1: 2042 | CQ1: 2043 | CR1: 2044 | CS1: 2045 | CT1: 2046 | CU1: 2047 | CV1: 2048 | CW1: 2049 | CX1: 2050 | CY1: 2051 | CZ1: 2052 | DA1: 2053 | DB1: 2054 | DC1: 2055 | DD1: 2056 | DE1: 2057 | DF1: 2058 | DG1: 2059 | DH1: 2060 | DI1: 2061 | DJ1: 2062 | DK1: 2063 | DL1: 2064 | DM1: 2065 | DN1: 2066 | DO1: 2067 | DP1: 2068 | DQ1: 2069 | DR1: 2070
A2: Nacimientos_mujeres | B2: =Fecundidad_quinq!B37 -> 655320.37 | C2: =Fecundidad_quinq!C37 -> 669419.56 | D2: =Fecundidad_quinq!D37 -> 688850.71 | E2: =Fecundidad_quinq!E37 -> 711987.07 | F2: =Fecundidad_quinq!F37 -> 737076.44 | G2: =Fecundidad_quinq!G37 -> 761494.83 | H2: =Fecundidad_quinq!H37 -> 783273.37 | I2: =Fecundidad_quinq!I37 -> 806115.73 | ... BS2: =Fecundidad_quinq!BS37 -> 1098901.3
A3: 0 | B3: 580871 | C3: 590635 | D3: 607681 | E3: 628132 | F3: 653135 | G3: 681057 | H3: 704873 | I3: 727988 | J3: 753757 | K3: 782328 | L3: 811492 | M3: 839600 | N3: 866509 | O3: 893470 | P3: 920256 | Q3: 944944 | R3: 967696 | S3: 991225 | T3: 1016630 | U3: 1042422 | V3: 1065503 | W3: 1088005 | X3: 1111079 | Y3: 1131239 | Z3: 1146018 | AA3: 1153502 | AB3: 1153306 | AC3: 1148387 | AD3: 1144107 | AE3: 1143502 | AF3: 1146922 | AG3: 1153492 | AH3: 1162879 | AI3: 1173891 | AJ3: 1185185 | AK3: 1195340 | AL3: 1202896 | AM3: 1209482 | AN3: 1217384 | AO3: 1226728 | AP3: 1238443 | AQ3: 1251543 | AR3: 1259330 | AS3: 1259034 | AT3: 1253104 | AU3: 1243235 | AV3: 1231406 | AW3: 1221610 | AX3: 1218166 | AY3: 1220762 | AZ3: 1222259 | BA3: 1216407 | BB3: 1203969 | BC3: 1190142 | BD3: 1179931 | BE3: 1174839 | BF3: 1175024 | BG3: 1179701 | BH3: 1185963 | BI3: 1189299 | BJ3: 1186154 | BK3: 1176579 | BL3: 1162511 | BM3: 1149416 | BN3: 1139340 | BO3: 1127238 | BP3: 1108479 | BQ3: 1088809 | BR3: 1080101 | BS3: 1078390
A4: 1 | B4: 525478 | C4: 533262 | D4: 544204 | E4: 561504 | F4: 582993 | G4: 610778 | H4: 639269 | I4: 663881 | J4: 687721 | K4: 713797 | L4: 742216 | M4: 771005 | N4: 798896 | O4: 825872 | P4: 852987 | Q4: 879903 | R4: 904717 | S4: 927538 | T4: 951184 | U4: 976796 | V4: 1001227 | W4: 1025118 | X4: 1050593 | Y4: 1074866 | Z4: 1096180 | AA4: 1112372 | AB4: 1121624 | AC4: 1123441 | AD4: 1120358 | AE4: 1117966 | AF4: 1119272 | AG4: 1124186 | AH4: 1131854 | AI4: 1142153 | AJ4: 1154025 | AK4: 1166107 | AL4: 1176887 | AM4: 1185033 | AN4: 1192321 | AO4: 1200379 | AP4: 1209972 | AQ4: 1222838 | AR4: 1236788 | AS4: 1245147 | AT4: 1245590 | AU4: 1240323 | AV4: 1230909 | AW4: 1219204 | AX4: 1209146 | AY4: 1205058 | AZ4: 1208070 | BA4: 1211354 | BB4: 1206964 | BC4: 1194957 | BD4: 1180959 | BE4: 1170941 | BF4: 1166944 | BG4: 1168497 | BH4: 1174604 | BI4: 1181933 | BJ4: 1185491 | BK4: 1182365 | BL4: 1172090 | BM4: 1157396 | BN4: 1143833 | BO4: 1132901 | BP4: 1120546 | BQ4: 1102270 | BR4: 1083364 | BS4: 1074869
A5: 2 | B5: 492568 | C5: 501972 | D5: 510723 | E5: 522494 | F5: 540544 | G5: 563849 | H5: 592164 | I5: 621112 | J5: 646183 | K5: 670383 | L5: 696536 | M5: 724851 | N5: 753636 | O5: 781733 | P5: 808985 | Q5: 836364 | R5: 863488 | S5: 888455 | T5: 911515 | U5: 935481 | V5: 960240 | W5: 985140 | X5: 1010993 | Y5: 1037234 | Z5: 1062133 | AA5: 1084014 | AB5: 1100773 | AC5: 1110581 | AD5: 1112702 | AE5: 1110024 | AF5: 1108171 | AG5: 1109799 | AH5: 1114849 | AI5: 1122636 | AJ5: 1133077 | AK5: 1145039 | AL5: 1157065 | AM5: 1167730 | AN5: 1175848 | AO5: 1183197 | AP5: 1191374 | AQ5: 1201031 | AR5: 1213882 | AS5: 1228010 | AT5: 1236713 | AU5: 1237456 | AV5: 1232302 | AW5: 1222710 | AX5: 1210506 | AY5: 1199644 | AZ5: 1195784 | BA5: 1200263 | BB5: 1204725 | BC5: 1200634 | BD5: 1188412 | BE5: 1174596 | BF5: 1165631 | BG5: 1162926 | BH5: 1165830 | BI5: 1172931 | BJ5: 1180457 | BK5: 1183991 | BL5: 1180153 | BM5: 1169238 | BN5: 1154089 | BO5: 1139736 | BP5: 1128566 | BQ5: 1116632 | BR5: 1099019 | BS5: 1080289
A6: 3 | B6: 469166 | C6: 479364 | D6: 489210 | E6: 498519 | F6: 510854 | G6: 529937 | H6: 553574 | I6: 582099 | J6: 611069 | K6: 636278 | L6: 660538 | M6: 686694 | N6: 714997 | O6: 743816 | P6: 771972 | Q6: 799306 | R6: 826689 | S6: 853778 | T6: 878691 | U6: 901737 | V6: 925185 | W6: 950084 | X6: 975855 | Y6: 1002094 | Z6: 1028737 | AA6: 1053915 | AB6: 1075921 | AC6: 1092732 | AD6: 1102652 | AE6: 1105017 | AF6: 1102625 | AG6: 1100982 | AH6: 1102719 | AI6: 1107832 | AJ6: 1115645 | AK6: 1126023 | AL6: 1137838 | AM6: 1149677 | AN6: 1160189 | AO6: 1168257 | AP6: 1175636 | AQ6: 1183867 | AR6: 1193570 | AS6: 1206563 | AT6: 1220933 | AU6: 1229801 | AV6: 1230528 | AW6: 1225121 | AX6: 1214995 | AY6: 1201996 | AZ6: 1191371 | BA6: 1188920 | BB6: 1194479 | BC6: 1199156 | BD6: 1194828 | BE6: 1182784 | BF6: 1169996 | BG6: 1162298 | BH6: 1160876 | BI6: 1164658 | BJ6: 1171884 | BK6: 1179368 | BL6: 1182216 | BM6: 1177769 | BN6: 1166433 | BO6: 1150575 | BP6: 1136034 | BQ6: 1125272 | BR6: 1113943 | BS6: 1096473
A7: 4 | B7: 450189 | C7: 460742 | D7: 471135 | E7: 481306 | F7: 491015 | G7: 504032 | H7: 523333 | I7: 547109 | J7: 575535 | K7: 604506 | L7: 629725 | M7: 654013 | N7: 680163 | O7: 708435 | P7: 737221 | Q7: 765365 | R7: 792616 | S7: 819896 | T7: 846812 | U7: 871561 | V7: 894230 | W7: 917688 | X7: 943001 | Y7: 968977 | Z7: 995503 | AA7: 1022293 | AB7: 1047430 | AC7: 1069307 | AD7: 1086138 | AE7: 1096197 | AF7: 1098719 | AG7: 1096475 | AH7: 1094924 | AI7: 1096706 | AJ7: 1101806 | AK7: 1109516 | AL7: 1119726 | AM7: 1131333 | AN7: 1142981 | AO7: 1153394 | AP7: 1161448 | AQ7: 1168870 | AR7: 1177154 | AS7: 1186994 | AT7: 1200203 | AU7: 1214679 | AV7: 1223458 | AW7: 1223897 | AX7: 1217934 | AY7: 1207029 | AZ7: 1194267 | BA7: 1185027 | BB7: 1183622 | BC7: 1189381 | BD7: 1193822 | BE7: 1189650 | BF7: 1178604 | BG7: 1167052 | BH7: 1160585 | BI7: 1159970 | BJ7: 1163839 | BK7: 1171013 | BL7: 1177846 | BM7: 1180113 | BN7: 1175268 | BO7: 1163268 | BP7: 1147258 | BQ7: 1133113 | BR7: 1122917 | BS7: 1111705
A8: 5 | B8: 433733 | C8: 444383 | D8: 455008 | E8: 465595 | F8: 476030 | G8: 486194 | H8: 499383 | I8: 518781 | J8: 542448 | K8: 570842 | L8: 599771 | M8: 625003 | N8: 649283 | O8: 675384 | P8: 703589 | Q8: 732317 | R8: 760333 | S8: 787450 | T8: 814517 | U8: 841200 | V8: 865628 | W8: 888242 | X8: 911890 | Y8: 937310 | Z8: 963499 | AA8: 990097 | AB8: 1016781 | AC8: 1041716 | AD8: 1063564 | AE8: 1080462 | AF8: 1090587 | AG8: 1093193 | AH8: 1091019 | AI8: 1089508 | AJ8: 1091272 | AK8: 1096261 | AL8: 1103800 | AM8: 1113806 | AN8: 1125211 | AO8: 1136732 | AP8: 1147103 | AQ8: 1155186 | AR8: 1162658 | AS8: 1171067 | AT8: 1181119 | AU8: 1194427 | AV8: 1208775 | AW8: 1217234 | AX8: 1217106 | AY8: 1210374 | AZ8: 1199685 | BA8: 1188271 | BB8: 1180057 | BC8: 1178889 | BD8: 1184433 | BE8: 1189016 | BF8: 1185789 | BG8: 1175932 | BH8: 1165561 | BI8: 1159843 | BJ8: 1159297 | BK8: 1163108 | BL8: 1169666 | BM8: 1175950 | BN8: 1177842 | BO8: 1172371 | BP8: 1160228 | BQ8: 1144597 | BR8: 1130991 | BS8: 1120908
A9: 6 | B9: 417557 | C9: 429534 | D9: 440191 | E9: 450930 | F9: 461697 | G9: 472423 | H9: 482708 | I9: 495983 | J9: 515278 | K9: 538924 | L9: 567271 | M9: 596181 | N9: 621388 | O9: 645613 | P9: 671641 | Q9: 699769 | R9: 728349 | S9: 756213 | T9: 783105 | U9: 809918 | V9: 836316 | W9: 860633 | X9: 883304 | Y9: 907003 | Z9: 932581 | AA9: 958803 | AB9: 985266 | AC9: 1011723 | AD9: 1036602 | AE9: 1058468 | AF9: 1075377 | AG9: 1085526 | AH9: 1088159 | AI9: 1086018 | AJ9: 1084491 | AK9: 1086143 | AL9: 1090969 | AM9: 1098318 | AN9: 1108127 | AO9: 1119401 | AP9: 1130863 | AQ9: 1141239 | AR9: 1149358 | AS9: 1156947 | AT9: 1165560 | AU9: 1175714 | AV9: 1188901 | AW9: 1202916 | AX9: 1210793 | AY9: 1209898 | AZ9: 1203363 | BA9: 1193961 | BB9: 1183547 | BC9: 1175595 | BD9: 1174271 | BE9: 1179966 | BF9: 1185435 | BG9: 1183333 | BH9: 1174602 | BI9: 1164936 | BJ9: 1159274 | BK9: 1158671 | BL9: 1161898 | BM9: 1167941 | BN9: 1173873 | BO9: 1175175 | BP9: 1169564 | BQ9: 1157778 | BR9: 1142655 | BS9: 1129168
A10: 7 | B10: 401725 | C10: 414381 | D10: 426320 | E10: 437044 | F10: 447909 | G10: 458868 | H10: 469667 | I10: 480014 | J10: 493211 | K10: 512494 | L10: 536112 | M10: 564439 | N10: 593299 | O10: 618436 | P10: 642588 | Q10: 668539 | R10: 696517 | S10: 724938 | T10: 752572 | U10: 779209 | V10: 805766 | W10: 832017 | X10: 856307 | Y10: 878985 | Z10: 902804 | AA10: 928392 | AB10: 954469 | AC10: 980709 | AD10: 1007084 | AE10: 1031967 | AF10: 1053808 | AG10: 1070689 | AH10: 1080821 | AI10: 1083456 | AJ10: 1081294 | AK10: 1079667 | AL10: 1081170 | AM10: 1085820 | AN10: 1092987 | AO10: 1102671 | AP10: 1113884 | AQ10: 1125334 | AR10: 1135725 | AS10: 1143950 | AT10: 1151735 | AU10: 1160451 | AV10: 1170504 | AW10: 1183371 | AX10: 1196807 | AY10: 1203922 | AZ10: 1203189 | BA10: 1197875 | BB10: 1189429 | BC10: 1179279 | BD10: 1171225 | BE10: 1170089 | BF10: 1176645 | BG10: 1183168 | BH10: 1182129 | BI10: 1174060 | BJ10: 1164444 | BK10: 1158718 | BL10: 1157560 | BM10: 1160309 | BN10: 1166027 | BO10: 1171404 | BP10: 1172565 | BQ10: 1167277 | BR10: 1155966 | BS10: 1140967
A11: 8 | B11: 388289 | C11: 399224 | D11: 411821 | E11: 423790 | F11: 434604 | G11: 445599 | H11: 456605 | I11: 467435 | J11: 477713 | K11: 490914 | L11: 510183 | M11: 533796 | N11: 562074 | O11: 590846 | P11: 615904 | Q11: 639981 | R11: 665791 | S11: 693612 | T11: 721808 | U11: 749190 | V11: 775591 | W11: 801986 | X11: 828153 | Y11: 852408 | Z11: 875175 | AA11: 898991 | AB11: 924437 | AC11: 950296 | AD11: 976456 | AE11: 1002822 | AF11: 1027651 | AG11: 1049433 | AH11: 1066266 | AI11: 1076369 | AJ11: 1078964 | AK11: 1076699 | AL11: 1074934 | AM11: 1076287 | AN11: 1080763 | AO11: 1087816 | AP11: 1097443 | AQ11: 1108641 | AR11: 1120100 | AS11: 1130577 | AT11: 1138984 | AU11: 1146869 | AV11: 1155492 | AW11: 1165255 | AX11: 1177580 | AY11: 1190265 | AZ11: 1197500 | BA11: 1197919 | BB11: 1193510 | BC11: 1185323 | BD11: 1175096 | BE11: 1167262 | BF11: 1166972 | BG11: 1174533 | BH11: 1182059 | BI11: 1181639 | BJ11: 1173607 | BK11: 1163926 | BL11: 1157677 | BM11: 1156068 | BN11: 1158519 | BO11: 1163721 | BP11: 1168963 | BQ11: 1170418 | BR11: 1165577 | BS11: 1154385
A12: 9 | B12: 375831 | C12: 386229 | D12: 397108 | E12: 409714 | F12: 421742 | G12: 432647 | H12: 443674 | I12: 454692 | J12: 465451 | K12: 475734 | L12: 488940 | M12: 508215 | N12: 531798 | O12: 559991 | P12: 588670 | Q12: 613646 | R12: 637592 | S12: 663257 | T12: 690866 | U12: 718818 | V12: 745977 | W12: 772213 | X12: 798490 | Y12: 824587 | Z12: 848893 | AA12: 871649 | AB12: 895334 | AC12: 920570 | AD12: 946345 | AE12: 972488 | AF12: 998795 | AG12: 1023542 | AH12: 1045249 | AI12: 1062025 | AJ12: 1072064 | AK12: 1074536 | AL12: 1072142 | AM12: 1070240 | AN12: 1071441 | AO12: 1075820 | AP12: 1082829 | AQ12: 1092438 | AR12: 1103637 | AS12: 1115174 | AT12: 1125821 | AU12: 1134317 | AV12: 1142117 | AW12: 1150473 | AX12: 1159731 | AY12: 1171353 | AZ12: 1184138 | BA12: 1192441 | BB12: 1193708 | BC12: 1189541 | BD12: 1181284 | BE12: 1171294 | BF12: 1164294 | BG12: 1164985 | BH12: 1173502 | BI12: 1181599 | BJ12: 1181207 | BK12: 1173108 | BL12: 1162925 | BM12: 1156247 | BN12: 1154366 | BO12: 1156335 | BP12: 1161417 | BQ12: 1166924 | BR12: 1168792 | BS12: 1164068
A13: 10 | B13: 363086 | C13: 374064 | D13: 384406 | E13: 395293 | F13: 407939 | G13: 420027 | H13: 430956 | I13: 441982 | J13: 452932 | K13: 463687 | L13: 473980 | M13: 487207 | N13: 506465 | O13: 529983 | P13: 558089 | Q13: 586672 | R13: 611518 | S13: 635330 | T13: 660802 | U13: 688184 | V13: 715928 | W13: 742919 | X13: 769016 | Y13: 795205 | Z13: 821315 | AA13: 845590 | AB13: 868220 | AC13: 891711 | AD13: 916861 | AE13: 942617 | AF13: 968698 | AG13: 994911 | AH13: 1019562 | AI13: 1041206 | AJ13: 1057900 | AK13: 1067787 | AL13: 1070117 | AM13: 1067588 | AN13: 1065555 | AO13: 1066670 | AP13: 1071019 | AQ13: 1078015 | AR13: 1087632 | AS13: 1098910 | AT13: 1110602 | AU13: 1121323 | AV13: 1129741 | AW13: 1137282 | AX13: 1145165 | AY13: 1153779 | AZ13: 1165507 | BA13: 1179284 | BB13: 1188372 | BC13: 1189858 | BD13: 1185625 | BE13: 1177602 | BF13: 1168424 | BG13: 1162386 | BH13: 1163990 | BI13: 1173039 | BJ13: 1181148 | BK13: 1180693 | BL13: 1172110 | BM13: 1161520 | BN13: 1154595 | BO13: 1152261 | BP13: 1154123 | BQ13: 1159445 | BR13: 1165338 | BS13: 1167324
A14: 11 | B14: 350793 | C14: 361511 | D14: 372431 | E14: 382779 | F14: 393702 | G14: 406391 | H14: 418492 | I14: 429411 | J14: 440376 | K14: 451317 | L14: 462075 | M14: 472393 | N14: 485622 | O14: 504831 | P14: 528280 | Q14: 556293 | R14: 584740 | S14: 609452 | T14: 633089 | U14: 658358 | V14: 685547 | W14: 713122 | X14: 739961 | Y14: 765956 | Z14: 792137 | AA14: 818194 | AB14: 842348 | AC14: 864796 | AD14: 888203 | AE14: 913326 | AF14: 939019 | AG14: 964994 | AH14: 991098 | AI14: 1015689 | AJ14: 1037238 | AK14: 1053757 | AL14: 1063472 | AM14: 1065647 | AN14: 1062995 | AO14: 1060904 | AP14: 1061999 | AQ14: 1066343 | AR14: 1073357 | AS14: 1083052 | AT14: 1094478 | AU14: 1106246 | AV14: 1116887 | AW14: 1125052 | AX14: 1132144 | AY14: 1139424 | AZ14: 1148157 | BA14: 1160848 | BB14: 1175355 | BC14: 1184631 | BD14: 1186045 | BE14: 1182036 | BF14: 1174798 | BG14: 1166551 | BH14: 1161384 | BI14: 1163495 | BJ14: 1172550 | BK14: 1180588 | BL14: 1179652 | BM14: 1170678 | BN14: 1159858 | BO14: 1152504 | BP14: 1150080 | BQ14: 1152162 | BR14: 1157855 | BS14: 1163876
... A112: 109 | B112: 0 | C112: 0 | D112: 0 | E112: 0 | F112: 0 | G112: 0 | H112: 0 | I112: 0 | J112: 0 | K112: 0 | L112: 0 | M112: 0 | N112: 0 | O112: 0 | P112: 0 | Q112: 0 | R112: 0 | S112: 0 | T112: 0 | U112: 0 | V112: 0 | W112: 1 | X112: 1 | Y112: 1 | Z112: 1 | AA112: 1 | AB112: 1 | AC112: 1 | AD112: 1 | AE112: 1 | AF112: 1 | AG112: 1 | AH112: 1 | AI112: 1 | AJ112: 1 | AK112: 1 | AL112: 1 | AM112: 1 | AN112: 1 | AO112: 2 | AP112: 2 | AQ112: 2 | AR112: 2 | AS112: 2 | AT112: 3 | AU112: 3 | AV112: 2 | AW112: 3 | AX112: 4 | AY112: 3 | AZ112: 3 | BA112: 4 | BB112: 4 | BC112: 4 | BD112: 5 | BE112: 5 | BF112: 6 | BG112: 6 | BH112: 8 | BI112: 8 | BJ112: 15 | BK112: 18 | BL112: 12 | BM112: 13 | BN112: 16 | BO112: 18 | BP112: 18 | BQ112: 22 | BR112: 27 | BS112: 30

Sheet nSx_Mujeres
A1: Edad / Año | B1: 1950 | C1: 1951 | D1: 1952 | E1: 1953 | F1: 1954 | G1: 1955 | H1: 1956 | I1: 1957 | J1: 1958 | K1: 1959 | L1: 1960 | M1: 1961 | N1: 1962 | O1: 1963 | P1: 1964 | Q1: 1965 | R1: 1966 | S1: 1967 | T1: 1968 | U1: 1969 | V1: 1970 | W1: 1971 | X1: 1972 | Y1: 1973 | Z1: 1974 | AA1: 1975 | AB1: 1976 | AC1: 1977 | AD1: 1978 | AE1: 1979 | AF1: 1980 | AG1: 1981 | AH1: 1982 | AI1: 1983 | AJ1: 1984 | AK1: 1985 | AL1: 1986 | AM1: 1987 | AN1: 1988 | AO1: 1989 | AP1: 1990 | AQ1: 1991 | AR1: 1992 | AS1: 1993 | AT1: 1994 | AU1: 1995 | AV1: 1996 | AW1: 1997 | AX1: 1998 | AY1: 1999 | AZ1: 2000 | BA1: 2001 | BB1: 2002 | BC1: 2003 | BD1: 2004 | BE1: 2005 | BF1: 2006 | BG1: 2007 | BH1: 2008 | BI1: 2009 | BJ1: 2010 | BK1: 2011 | BL1: 2012 | BM1: 2013 | BN1: 2014 | BO1: 2015 | BP1: 2016 | BQ1: 2017 | BR1: 2018 | BS1: 2019 | BT1: 2020 | BU1: 2021 | BV1: 2022 | BW1: 2023 | BX1: 2024 | BY1: 2025 | BZ1: 2026 | CA1: 2027 | CB1: 2028 | CC1: 2029 | CD1: 2030 | CE1: 2031 | CF1: 2032 | CG1: 2033 | CH1: 2034 | CI1: 2035 | CJ1: 2036 | CK1: 2037 | CL1: 2038 | CM1: 2039 | CN1: 2040 | CO1: 2041 | CP1: 2042 | CQ1: 2043 | CR1: 2044 | CS1: 2045 | CT1: 2046 | CU1: 2047 | CV1: 2048 | CW1: 2049 | CX1: 2050 | CY1: 2051 | CZ1: 2052 | DA1: 2053 | DB1: 2054 | DC1: 2055 | DD1: 2056 | DE1: 2057 | DF1: 2058 | DG1: 2059 | DH1: 2060 | DI1: 2061 | DJ1: 2062 | DK1: 2063 | DL1: 2064 | DM1: 2065 | DN1: 2066 | DO1: 2067 | DP1: 2068 | DQ1: 2069 | DR1: 2070
A2: Pb | B2: 0.88934732 | C2: 0.88867174 | D2: 0.89508711 | E2: 0.89297169 | F2: 0.90467865 | G2: 0.90912721 | H2: 0.91337644 | I2: 0.91704968 | J2: 0.92001114 | K2: 0.9226041 | L2: 0.92478165 | M2: 0.92677187 | N2: 0.92864055 | O2: 0.93054184 | P2: 0.932478 | Q2: 0.93433674 | R2: 0.93586512 | S2: 0.93721455 | T2: 0.93864961 | U2: 0.94035056 | V2: 0.93947138 | W2: 0.94368528 | X2: 0.9451128 | Y2: 0.94652091 | Z2: 0.94810487 | AA2: 0.94986288 | AB2: 0.95174886 | AC2: 0.95362146 | AD2: 0.95555258 | AE2: 0.95754411 | AF2: 0.95951585 | AG2: 0.96132863 | AH2: 0.96289141 | AI2: 0.96433501 | AJ2: 0.965736 | AK2: 0.96716967 | AL2: 0.96861234 | AM2: 0.97004889 | AN2: 0.97154977 | AO2: 0.97074115 | AP2: 0.97243083 | AQ2: 0.97556472 | AR2: 0.97661919 | AS2: 0.97752512 | AT2: 0.97833158 | AU2: 0.97908045 | AV2: 0.97981067 | AW2: 0.98051962 | AX2: 0.98125173 | AY2: 0.98204364 | AZ2: 0.98294104 | BA2: 0.98384549 | BB2: 0.984654 | BC2: 0.98529769 | BD2: 0.98582475 | BE2: 0.98627456 | BF2: 0.98663611 | BG2: 0.98689984 | BH2: 0.98713081 | BI2: 0.98737694 | BJ2: 0.98765942 | BK2: 0.98791392 | BL2: 0.98808167 | BM2: 0.9881739 | BN2: 0.98828326 | BO2: 0.98835651 | BP2: 0.98842403 | BQ2: 0.98839957 | BR2: 0.98853527 | BS2: 0.9887488
A3: 0 | B3: 0.9543939 | C3: 0.953101 | D3: 0.95820488 | E3: 0.95686407 | F3: 0.96331647 | G3: 0.96533206 | H3: 0.96795706 | I3: 0.96984341 | J3: 0.97151429 | K3: 0.9728682 | L3: 0.973611 | M3: 0.97452798 | N3: 0.97560169 | O3: 0.97657338 | P3: 0.97753263 | Q3: 0.97873309 | R3: 0.97967362 | S3: 0.98037505 | T3: 0.98136819 | U3: 0.98238628 | V3: 0.98135472 | W3: 0.98448068 | X3: 0.98575765 | Y3: 0.98659469 | Z3: 0.98725081 | AA3: 0.98802744 | AB3: 0.98894645 | AC3: 0.98944517 | AD3: 0.98977474 | AE3: 0.99043256 | AF3: 0.99098332 | AG3: 0.99139004 | AH3: 0.99176195 | AI3: 0.99223029 | AJ3: 0.9926378 | AK3: 0.993058 | AL3: 0.99336793 | AM3: 0.99370216 | AN3: 0.99408664 | AO3: 0.99409021 | AP3: 0.99450297 | AQ3: 0.99501203 | AR3: 0.99524831 | AS3: 0.99551869 | AT3: 0.99569002 | AU3: 0.99590793 | AV3: 0.99610688 | AW3: 0.99628768 | AX3: 0.9964627 | AY3: 0.99663712 | AZ3: 0.99682454 | BA3: 0.99702243 | BB3: 0.99720581 | BC3: 0.99733512 | BD3: 0.99744454 | BE3: 0.99754068 | BF3: 0.997584 | BG3: 0.9976406 | BH3: 0.99766587 | BI3: 0.99783791 | BJ3: 0.99786447 | BK3: 0.99791785 | BL3: 0.99793007 | BM3: 0.99793272 | BN3: 0.99793831 | BO3: 0.99795051 | BP3: 0.99796643 | BQ3: 0.997959 | BR3: 0.99798365 | BS3: 0.99801059
A4: 1 | B4: 0.95414404 | C4: 0.95183271 | D4: 0.95881412 | E4: 0.9571417 | F4: 0.96480613 | G4: 0.96672407 | H4: 0.97009026 | I4: 0.97200397 | J4: 0.97393974 | K4: 0.97545187 | L4: 0.9761764 | M4: 0.97716021 | N4: 0.97837748 | O4: 0.97944316 | P4: 0.98049369 | Q4: 0.9819455 | R4: 0.98302005 | S4: 0.98387806 | T4: 0.98495599 | U4: 0.98618216 | V4: 0.98478458 | W4: 0.98864362 | X4: 0.99018578 | Y4: 0.9912596 | Z4: 0.99201054 | AA4: 0.99280962 | AB4: 0.99367292 | AC4: 0.99402247 | AD4: 0.9941836 | AE4: 0.99469657 | AF4: 0.99509845 | AG4: 0.99535594 | AH4: 0.9955927 | AI4: 0.9959421 | AJ4: 0.99623041 | AK4: 0.99652393 | AL4: 0.99670115 | AM4: 0.99689324 | AN4: 0.99712438 | AO4: 0.99729715 | AP4: 0.997504 | AQ4: 0.99765931 | AR4: 0.99779895 | AS4: 0.99797955 | AT4: 0.99807643 | AU4: 0.99822226 | AV4: 0.9983513 | AW4: 0.99846375 | AX4: 0.99857193 | AY4: 0.99867294 | AZ4: 0.99876698 | BA4: 0.99886991 | BB4: 0.99896491 | BC4: 0.99901952 | BD4: 0.99906585 | BE4: 0.99910716 | BF4: 0.99910774 | BG4: 0.99913303 | BH4: 0.99913188 | BI4: 0.99932606 | BJ4: 0.99930295 | BK4: 0.9993316 | BL4: 0.99931808 | BM4: 0.99930766 | BN4: 0.99929464 | BO4: 0.99929831 | BP4: 0.99930904 | BQ4: 0.99930407 | BR4: 0.9993076 | BS4: 0.99930662
A5: 2 | B5: 0.97336275 | C5: 0.97137443 | D5: 0.97608872 | E5: 0.97500937 | F5: 0.98004784 | G5: 0.98085685 | H5: 0.98321564 | I5: 0.98401834 | J5: 0.98515998 | K5: 0.98604187 | L5: 0.98662118 | M5: 0.9872242 | N5: 0.98787635 | O5: 0.98847543 | P5: 0.98909146 | Q5: 0.98993007 | R5: 0.99047959 | S5: 0.99110524 | T5: 0.99148734 | U5: 0.99224738 | V5: 0.99147344 | W5: 0.99361926 | X5: 0.99431726 | Y5: 0.99509837 | Z5: 0.99569353 | AA5: 0.99615653 | AB5: 0.99645822 | AC5: 0.99667705 | AD5: 0.99692113 | AE5: 0.99714198 | AF5: 0.9973742 | AG5: 0.99758484 | AH5: 0.99774767 | AI5: 0.99787691 | AJ5: 0.99800397 | AK5: 0.99812243 | AL5: 0.99825866 | AM5: 0.99836379 | AN5: 0.99845578 | AO5: 0.99852977 | AP5: 0.99856573 | AQ5: 0.99876128 | AR5: 0.99885364 | AS5: 0.99890163 | AT5: 0.9989727 | AU5: 0.99901803 | AV5: 0.99906535 | AW5: 0.99911321 | AX5: 0.99917363 | AY5: 0.99923991 | AZ5: 0.99929506 | BA5: 0.9993466 | BB5: 0.9993836 | BC5: 0.99940701 | BD5: 0.99942145 | BE5: 0.99942986 | BF5: 0.99944946 | BG5: 0.9994559 | BH5: 0.99947091 | BI5: 0.99955602 | BJ5: 0.99953711 | BK5: 0.99955591 | BL5: 0.99955371 | BM5: 0.99955671 | BN5: 0.99955202 | BO5: 0.99955516 | BP5: 0.99956239 | BQ5: 0.99956144 | BR5: 0.99955544 | BS5: 0.99956051
A6: 3 | B6: 0.98296342 | C6: 0.98136396 | D6: 0.98459504 | E6: 0.98386891 | F6: 0.98737356 | G6: 0.98765877 | H6: 0.98937296 | I6: 0.98965762 | J6: 0.99038045 | K6: 0.99093859 | L6: 0.99142152 | M6: 0.99182528 | N6: 0.99219633 | O6: 0.99256022 | P6: 0.99295882 | Q6: 0.99348184 | R6: 0.99378468 | S6: 0.9942666 | T6: 0.99436069 | U6: 0.99488141 | V6: 0.99440919 | W6: 0.99574722 | X6: 0.99609718 | Y6: 0.99670675 | Z6: 0.99719142 | AA6: 0.99750173 | AB6: 0.99760676 | AC6: 0.99776347 | AD6: 0.99800387 | AE6: 0.99811855 | AF6: 0.99827481 | AG6: 0.99844454 | AH6: 0.99856977 | AI6: 0.99862771 | AJ6: 0.99869617 | AK6: 0.99875242 | AL6: 0.99886189 | AM6: 0.99892781 | AN6: 0.99897293 | AO6: 0.99900088 | AP6: 0.99898495 | AQ6: 0.99918348 | AR6: 0.99925233 | AS6: 0.99926011 | AT6: 0.99931574 | AU6: 0.99932948 | AV6: 0.99934949 | AW6: 0.99937434 | AX6: 0.99941511 | AY6: 0.99946482 | AZ6: 0.99950393 | BA6: 0.99953588 | BB6: 0.99955351 | BC6: 0.99956612 | BD6: 0.99957014 | BE6: 0.99956795 | BF6: 0.99959195 | BG6: 0.99959207 | BH6: 0.99961058 | BI6: 0.99965548 | BJ6: 0.99963888 | BK6: 0.99965341 | BL6: 0.99965475 | BM6: 0.99966235 | BN6: 0.99966029 | BO6: 0.99966327 | BP6: 0.99966824 | BQ6: 0.99966908 | BR6: 0.99966112 | BS6: 0.99966745
A7: 4 | B7: 0.98842022 | C7: 0.98714436 | D7: 0.98941695 | E7: 0.9889103 | F7: 0.99144933 | G7: 0.99147814 | H7: 0.99276649 | I7: 0.99279773 | J7: 0.99327952 | K7: 0.99365455 | L7: 0.99405903 | M7: 0.99434776 | N7: 0.99456586 | O7: 0.99479772 | P7: 0.99507381 | Q7: 0.9954178 | R7: 0.99559123 | S7: 0.99597523 | T7: 0.99593687 | U7: 0.99631672 | V7: 0.99600973 | W7: 0.99690482 | X7: 0.99708137 | Y7: 0.99757682 | Z7: 0.9979799 | AA7: 0.99820653 | AB7: 0.99822542 | AC7: 0.99834096 | AD7: 0.99856242 | AE7: 0.99862695 | AF7: 0.99873967 | AG7: 0.99887773 | AH7: 0.99897978 | AI7: 0.99901091 | AJ7: 0.99905179 | AK7: 0.99907941 | AL7: 0.99916999 | AM7: 0.99921233 | AN7: 0.99923655 | AO7: 0.99923823 | AP7: 0.99920211 | AQ7: 0.9993965 | AR7: 0.99945246 | AS7: 0.99944592 | AT7: 0.99949048 | AU7: 0.99949171 | AV7: 0.99949985 | AW7: 0.99951395 | AX7: 0.99954396 | AY7: 0.99958387 | AZ7: 0.99961438 | BA7: 0.99963623 | BB7: 0.99964478 | BC7: 0.99965207 | BD7: 0.99965193 | BE7: 0.99964551 | BF7: 0.99967038 | BG7: 0.99966759 | BH7: 0.99968648 | BI7: 0.99971062 | BJ7: 0.99969588 | BK7: 0.99970818 | BL7: 0.99971098 | BM7: 0.99972051 | BN7: 0.99971937 | BO7: 0.99972288 | BP7: 0.99972569 | BQ7: 0.99972705 | BR7: 0.99971904 | BS7: 0.9997256
A8: 5 | B8: 0.99177087 | C8: 0.99075076 | D8: 0.99238635 | E8: 0.99202365 | F8: 0.99391793 | G8: 0.99382395 | H8: 0.99481738 | I8: 0.99472269 | J8: 0.99505705 | K8: 0.99532021 | L8: 0.9956611 | M8: 0.99587807 | N8: 0.99600782 | O8: 0.9961594 | P8: 0.99636157 | Q8: 0.99659543 | R8: 0.99669535 | S8: 0.99700942 | T8: 0.99690742 | U8: 0.99719558 | V8: 0.99698838 | W8: 0.99761637 | X8: 0.99769556 | Y8: 0.99810871 | Z8: 0.99844754 | AA8: 0.99862428 | AB8: 0.99860264 | AC8: 0.99868499 | AD8: 0.99888578 | AE8: 0.99892387 | AF8: 0.99900918 | AG8: 0.99912206 | AH8: 0.99920932 | AI8: 0.99923153 | AJ8: 0.99925798 | AK8: 0.99927046 | AL8: 0.9993467 | AM8: 0.99937291 | AN8: 0.99938727 | AO8: 0.99937298 | AP8: 0.99932925 | AQ8: 0.99951644 | AR8: 0.99956459 | AS8: 0.99955528 | AT8: 0.99958968 | AU8: 0.99958791 | AV8: 0.99959021 | AW8: 0.99959835 | AX8: 0.99962238 | AY8: 0.99965532 | AZ8: 0.99968036 | BA8: 0.99969615 | BB8: 0.99970027 | BC8: 0.99970404 | BD8: 0.99970261 | BE8: 0.99969428 | BF8: 0.99971863 | BG8: 0.99971415 | BH8: 0.99973212 | BI8: 0.9997432 | BJ8: 0.99973123 | BK8: 0.99974158 | BL8: 0.99974532 | BM8: 0.99975591 | BN8: 0.99975433 | BO8: 0.99975842 | BP8: 0.99975998 | BQ8: 0.99975975 | BR8: 0.99975301 | BS8: 0.99976055
A9: 6 | B9: 0.993931 | C9: 0.99311105 | D9: 0.99431209 | E9: 0.99405045 | F9: 0.9954926 | G9: 0.9953497 | H9: 0.99612822 | I9: 0.99597704 | J9: 0.99621661 | K9: 0.99640849 | L9: 0.99669678 | M9: 0.99686676 | N9: 0.99694262 | O9: 0.99704433 | P9: 0.99720026 | Q9: 0.99736224 | R9: 0.99741759 | S9: 0.99767938 | T9: 0.99754912 | U9: 0.99777395 | V9: 0.99763064 | W9: 0.99808594 | X9: 0.9981064 | Y9: 0.99845521 | Z9: 0.99874113 | AA9: 0.99888661 | AB9: 0.99884762 | AC9: 0.99890128 | AD9: 0.99908227 | AE9: 0.99910661 | AF9: 0.99917317 | AG9: 0.99926586 | AH9: 0.99934352 | AI9: 0.99936523 | AJ9: 0.99938398 | AK9: 0.9993868 | AL9: 0.99945248 | AM9: 0.99946842 | AN9: 0.99947741 | AO9: 0.99945342 | AP9: 0.99940776 | AQ9: 0.99958622 | AR9: 0.99962914 | AS9: 0.99962237 | AT9: 0.99964731 | AU9: 0.99964728 | AV9: 0.9996471 | AW9: 0.99965303 | AX9: 0.99967216 | AY9: 0.99969945 | AZ9: 0.99972124 | BA9: 0.99973326 | BB9: 0.99973457 | BC9: 0.99973656 | BD9: 0.99973575 | BE9: 0.99972616 | BF9: 0.99974898 | BG9: 0.99974316 | BH9: 0.99975912 | BI9: 0.99976055 | BJ9: 0.99975235 | BK9: 0.99976153 | BL9: 0.99976605 | BM9: 0.99977767 | BN9: 0.99977314 | BO9: 0.99977847 | BP9: 0.9997795 | BQ9: 0.99977553 | BR9: 0.99977154 | BS9: 0.99978009
A10: 7 | B10: 0.99536141 | C10: 0.99470089 | D10: 0.99559701 | E10: 0.995411 | F10: 0.99652449 | G10: 0.99637573 | H10: 0.99699356 | I10: 0.99682402 | J10: 0.99700063 | K10: 0.99714778 | L10: 0.99739086 | M10: 0.99752928 | N10: 0.99757186 | O10: 0.9976427 | P10: 0.99776913 | Q10: 0.99788313 | R10: 0.99791054 | S10: 0.99813034 | T10: 0.99799227 | U10: 0.99817107 | V10: 0.99807053 | W10: 0.99840888 | X10: 0.99839239 | Y10: 0.99868712 | Z10: 0.99892762 | AA10: 0.99905437 | AB10: 0.99900997 | AC10: 0.99903805 | AD10: 0.99920236 | AE10: 0.9992195 | AF10: 0.99927281 | AG10: 0.99935015 | AH10: 0.99942111 | AI10: 0.99944622 | AJ10: 0.99946091 | AK10: 0.99945804 | AL10: 0.99951571 | AM10: 0.9995254 | AN10: 0.99953055 | AO10: 0.99950212 | AP10: 0.99945641 | AQ10: 0.99962515 | AR10: 0.99966523 | AS10: 0.99966265 | AT10: 0.99967945 | AU10: 0.99968233 | AV10: 0.99968157 | AW10: 0.99968846 | AX10: 0.99970299 | AY10: 0.99972603 | AZ10: 0.99974517 | BA10: 0.99975445 | BB10: 0.99975436 | BC10: 0.99975471 | BD10: 0.99975653 | BE10: 0.99974588 | BF10: 0.99976683 | BG10: 0.99975921 | BH10: 0.99977281 | BI10: 0.99976565 | BJ10: 0.99976049 | BK10: 0.99976982 | BL10: 0.99977543 | BM10: 0.99978788 | BN10: 0.99977864 | BO10: 0.99978635 | BP10: 0.99978678 | BQ10: 0.99977728 | BR10: 0.99977741 | BS10: 0.99978706
A11: 8 | B11: 0.99631312 | C11: 0.99578171 | D11: 0.9964589 | E11: 0.99633635 | F11: 0.99720278 | G11: 0.99707452 | H11: 0.99756925 | I11: 0.99740421 | J11: 0.99753793 | K11: 0.99765791 | L11: 0.99786248 | M11: 0.99798014 | N11: 0.99800227 | O11: 0.99805468 | P11: 0.99816337 | Q11: 0.99824465 | R11: 0.99825284 | S11: 0.99843913 | T11: 0.99830511 | U11: 0.99844865 | V11: 0.9983786 | W11: 0.99863432 | X11: 0.99859314 | Y11: 0.99884059 | Z11: 0.99904206 | AA11: 0.99915883 | AB11: 0.9991156 | AC11: 0.99912146 | AD11: 0.9992721 | AE11: 0.99928557 | AF11: 0.99932989 | AG11: 0.9993962 | AH11: 0.99946243 | AI11: 0.99949218 | AJ11: 0.99950558 | AK11: 0.99949894 | AL11: 0.99955116 | AM11: 0.9995576 | AN11: 0.99955999 | AO11: 0.99953042 | AP11: 0.99948629 | AQ11: 0.99964368 | AR11: 0.99968244 | AS11: 0.99968431 | AT11: 0.99969428 | AU11: 0.99969973 | AV11: 0.99969934 | AW11: 0.99970908 | AX11: 0.99971917 | AY11: 0.99973858 | AZ11: 0.99975538 | BA11: 0.99976218 | BB11: 0.99976222 | BC11: 0.99976059 | BD11: 0.99976636 | BE11: 0.99975528 | BF11: 0.99977357 | BG11: 0.99976397 | BH11: 0.99977459 | BI11: 0.99975983 | BJ11: 0.99975649 | BK11: 0.99976606 | BL11: 0.99977269 | BM11: 0.99978711 | BN11: 0.99977205 | BO11: 0.99978218 | BP11: 0.99978232 | BQ11: 0.99976686 | BR11: 0.99977205 | BS11: 0.99978251
A12: 9 | B12: 0.99693228 | C12: 0.996505 | D12: 0.99702465 | E12: 0.9969606 | F12: 0.99763552 | G12: 0.99754509 | H12: 0.99794365 | I12: 0.99779628 | J12: 0.99790243 | K12: 0.9980052 | L12: 0.9981767 | M12: 0.9982829 | N12: 0.99829181 | O12: 0.9983356 | P12: 0.99843612 | Q12: 0.99849243 | R12: 0.99848821 | S12: 0.99864703 | T12: 0.99852662 | U12: 0.99864055 | V12: 0.99859407 | W12: 0.99879007 | X12: 0.99873077 | Y12: 0.99893628 | Z12: 0.99910525 | AA12: 0.99921702 | AB12: 0.99917933 | AC12: 0.99916723 | AD12: 0.99930612 | AE12: 0.99931902 | AF12: 0.99935771 | AG12: 0.99941601 | AH12: 0.99947865 | AI12: 0.99951404 | AJ12: 0.99952741 | AK12: 0.99951823 | AL12: 0.99956719 | AM12: 0.9995729 | AN12: 0.99957306 | AO12: 0.99954484 | AP12: 0.99950327 | AQ12: 0.99964845 | AR12: 0.99968604 | AS12: 0.99969173 | AT12: 0.99969672 | AU12: 0.99970304 | AV12: 0.99970347 | AW12: 0.99971696 | AX12: 0.99972295 | AY12: 0.99973907 | AZ12: 0.99975397 | BA12: 0.99975869 | BB12: 0.99975919 | BC12: 0.99975591 | BD12: 0.99976656 | BE12: 0.99975507 | BF12: 0.99976977 | BG12: 0.99975882 | BH12: 0.99976545 | BI12: 0.99974417 | BJ12: 0.99973986 | BK12: 0.99974987 | BL12: 0.99975711 | BM12: 0.99977509 | BN12: 0.99975403 | BO12: 0.99976672 | BP12: 0.99976616 | BQ12: 0.99974549 | BR12: 0.99975542 | BS12: 0.99976689
A13: 10 | B13: 0.99730924 | C13: 0.99696483 | D13: 0.99737455 | E13: 0.9973633 | F13: 0.99789108 | G13: 0.99784669 | H13: 0.99816891 | I13: 0.9980467 | J13: 0.99813679 | K13: 0.99823091 | L13: 0.99837368 | M13: 0.99847517 | N13: 0.99847582 | O13: 0.99851802 | P13: 0.99861698 | Q13: 0.99865544 | R13: 0.99864321 | S13: 0.99877937 | T13: 0.99867831 | U13: 0.99876702 | V13: 0.99873968 | W13: 0.99889106 | X13: 0.9988189 | Y13: 0.99898701 | Z13: 0.99913051 | AA13: 0.99923964 | AB13: 0.99921058 | AC13: 0.99918547 | AD13: 0.99931359 | AE13: 0.99932849 | AF13: 0.99936432 | AG13: 0.99941697 | AH13: 0.999477 | AI13: 0.99951817 | AJ13: 0.99953246 | AK13: 0.99952203 | AL13: 0.99956866 | AM13: 0.99957521 | AN13: 0.99957416 | AO13: 0.99954932 | AP13: 0.99951043 | AQ13: 0.9996431 | AR13: 0.99967962 | AS13: 0.99968802 | AT13: 0.99969 | AU13: 0.99969505 | AV13: 0.99969637 | AW13: 0.99971316 | AX13: 0.99971618 | AY13: 0.99972929 | AZ13: 0.99974273 | BA13: 0.99974501 | BB13: 0.99974608 | BC13: 0.99974201 | BD13: 0.99975708 | BE13: 0.9997453 | BF13: 0.99975636 | BG13: 0.99974492 | BH13: 0.99974757 | BI13: 0.99972081 | BJ13: 0.99971019 | BK13: 0.99972153 | BL13: 0.99972879 | BM13: 0.9997516 | BN13: 0.99972579 | BO13: 0.99974114 | BP13: 0.99973909 | BQ13: 0.99971452 | BR13: 0.99972911 | BS13: 0.9997409
A14: 11 | B14: 0.99750439 | C14: 0.99722592 | D14: 0.99755992 | E14: 0.99759598 | F14: 0.99801342 | G14: 0.99801707 | H14: 0.9982792 | I14: 0.99818743 | J14: 0.99826838 | K14: 0.9983614 | L14: 0.99847954 | M14: 0.99858026 | N14: 0.99857755 | O14: 0.99862212 | P14: 0.99872464 | Q14: 0.99875046 | R14: 0.99873387 | S14: 0.99885107 | T14: 0.99877169 | U14: 0.99884157 | V14: 0.99882876 | W14: 0.99894718 | X14: 0.9988661 | Y14: 0.99900067 | Z14: 0.99912589 | AA14: 0.9992343 | AB14: 0.999216 | AC14: 0.99918185 | AD14: 0.99930169 | AE14: 0.99931927 | AF14: 0.99935445 | AG14: 0.99940358 | AH14: 0.99946211 | AI14: 0.99950848 | AJ14: 0.99952514 | AK14: 0.99951339 | AL14: 0.99955946 | AM14: 0.99956858 | AN14: 0.99956643 | AO14: 0.99954605 | AP14: 0.99950994 | AQ14: 0.99963042 | AR14: 0.99966651 | AS14: 0.99967498 | AT14: 0.99967641 | AU14: 0.99967804 | AV14: 0.99968044 | AW14: 0.99969881 | AX14: 0.99969961 | AY14: 0.99971126 | AZ14: 0.99972309 | BA14: 0.99972293 | BB14: 0.99972429 | BC14: 0.99972046 | BD14: 0.99973795 | BE14: 0.99972628 | BF14: 0.99973479 | BG14: 0.9997233 | BH14: 0.99972271 | BI14: 0.99969128 | BJ14: 0.99966905 | BK14: 0.99968177 | BL14: 0.9996879 | BM14: 0.99971805 | BN14: 0.99968898 | BO14: 0.99970627 | BP14: 0.99970236 | BQ14: 0.99967574 | BR14: 0.99969449 | BS14: 0.99970519
... A111: 108 | B111: 0.34753081 | C111: 0.34728544 | D111: 0.34778249 | E111: 0.34778249 | F111: 0.3488555 | G111: 0.34912154 | H111: 0.34942939 | I111: 0.34942939 | J111: 0.34975376 | K111: 0.35008204 | L111: 0.35008204 | M111: 0.35077591 | N111: 0.35077591 | O111: 0.35077591 | P111: 0.35113564 | Q111: 0.35152129 | R111: 0.35152129 | S111: 0.35191514 | T111: 0.35191514 | U111: 0.35233121 | V111: 0.35191514 | W111: 0.35277078 | X111: 0.35322187 | Y111: 0.35322187 | Z111: 0.35422073 | AA111: 0.35422073 | AB111: 0.35476102 | AC111: 0.35476102 | AD111: 0.3553429 | AE111: 0.3553429 | AF111: 0.3559447 | AG111: 0.3559447 | AH111: 0.35677123 | AI111: 0.35677123 | AJ111: 0.3576572 | AK111: 0.3576572 | AL111: 0.3588157 | AM111: 0.3588157 | AN111: 0.3588157 | AO111: 0.3588157 | AP111: 0.36048186 | AQ111: 0.36048186 | AR111: 0.36220461 | AS111: 0.36220461 | AT111: 0.36220461 | AU111: 0.36220461 | AV111: 0.36220461 | AW111: 0.36220461 | AX111: 0.36443543 | AY111: 0.36443543 | AZ111: 0.36682418 | BA111: 0.36682418 | BB111: 0.36682418 | BC111: 0.36682418 | BD111: 0.36682418 | BE111: 0.36682418 | BF111: 0.36951031 | BG111: 0.36682418 | BH111: 0.36682418 | BI111: 0.36682418 | BJ111: 0.36682418 | BK111: 0.36951031 | BL111: 0.36951031 | BM111: 0.36951031 | BN111: 0.36951031 | BO111: 0.36951031 | BP111: 0.36951031 | BQ111: 0.36951031 | BR111: 0.36951031 | BS111: 0.36951031

Sheet nSx_Hombres
A1: Edad / Año | B1: 1950 | C1: 1951 | D1: 1952 | E1: 1953 | F1: 1954 | G1: 1955 | H1: 1956 | I1: 1957 | J1: 1958 | K1: 1959 | L1: 1960 | M1: 1961 | N1: 1962 | O1: 1963 | P1: 1964 | Q1: 1965 | R1: 1966 | S1: 1967 | T1: 1968 | U1: 1969 | V1: 1970 | W1: 1971 | X1: 1972 | Y1: 1973 | Z1: 1974 | AA1: 1975 | AB1: 1976 | AC1: 1977 | AD1: 1978 | AE1: 1979 | AF1: 1980 | AG1: 1981 | AH1: 1982 | AI1: 1983 | AJ1: 1984 | AK1: 1985 | AL1: 1986 | AM1: 1987 | AN1: 1988 | AO1: 1989 | AP1: 1990 | AQ1: 1991 | AR1: 1992 | AS1: 1993 | AT1: 1994 | AU1: 1995 | AV1: 1996 | AW1: 1997 | AX1: 1998 | AY1: 1999 | AZ1: 2000 | BA1: 2001 | BB1: 2002 | BC1: 2003 | BD1: 2004 | BE1: 2005 | BF1: 2006 | BG1: 2007 | BH1: 2008 | BI1: 2009 | BJ1: 2010 | BK1: 2011 | BL1: 2012 | BM1: 2013 | BN1: 2014 | BO1: 2015 | BP1: 2016 | BQ1: 2017 | BR1: 2018 | BS1: 2019 | BT1: 2020 | BU1: 2021 | BV1: 2022 | BW1: 2023 | BX1: 2024 | BY1: 2025 | BZ1: 2026 | CA1: 2027 | CB1: 2028 | CC1: 2029 | CD1: 2030 | CE1: 2031 | CF1: 2032 | CG1: 2033 | CH1: 2034 | CI1: 2035 | CJ1: 2036 | CK1: 2037 | CL1: 2038 | CM1: 2039 | CN1: 2040 | CO1: 2041 | CP1: 2042 | CQ1: 2043 | CR1: 2044 | CS1: 2045 | CT1: 2046 | CU1: 2047 | CV1: 2048 | CW1: 2049 | CX1: 2050 | CY1: 2051 | CZ1: 2052 | DA1: 2053 | DB1: 2054 | DC1: 2055 | DD1: 2056 | DE1: 2057 | DF1: 2058 | DG1: 2059 | DH1: 2060 | DI1: 2061 | DJ1: 2062 | DK1: 2063 | DL1: 2064 | DM1: 2065 | DN1: 2066 | DO1: 2067 | DP1: 2068 | DQ1: 2069 | DR1: 2070
A2: Pb | B2: 0.87303173 | C2: 0.87209888 | D2: 0.87920612 | E2: 0.87665656 | F2: 0.88983082 | G2: 0.89484381 | H2: 0.89957761 | I2: 0.90366576 | J2: 0.90694358 | K2: 0.90980348 | L2: 0.91218619 | M2: 0.91435583 | N2: 0.9163906 | O2: 0.91846994 | P2: 0.9205964 | Q2: 0.92263779 | R2: 0.92429884 | S2: 0.92575498 | T2: 0.92731644 | U2: 0.92919843 | V2: 0.92804075 | W2: 0.93288903 | X2: 0.93448072 | Y2: 0.93604114 | Z2: 0.93781632 | AA2: 0.93980653 | AB2: 0.94195977 | AC2: 0.94410748 | AD2: 0.94633405 | AE2: 0.94864431 | AF2: 0.95094325 | AG2: 0.95306048 | AH2: 0.95488506 | AI2: 0.95657378 | AJ2: 0.95821917 | AK2: 0.95991353 | AL2: 0.96162578 | AM2: 0.96334024 | AN2: 0.96513923 | AO2: 0.96412563 | AP2: 0.96615854 | AQ2: 0.96997408 | AR2: 0.97125313 | AS2: 0.97234758 | AT2: 0.97332415 | AU2: 0.97423137 | AV2: 0.97511695 | AW2: 0.97597934 | AX2: 0.97687035 | AY2: 0.97783494 | AZ2: 0.97894011 | BA2: 0.98005754 | BB2: 0.98105434 | BC2: 0.98184532 | BD2: 0.98249027 | BE2: 0.98303855 | BF2: 0.98348067 | BG2: 0.98380854 | BH2: 0.98411179 | BI2: 0.98443882 | BJ2: 0.98480025 | BK2: 0.98512681 | BL2: 0.98534479 | BM2: 0.98547241 | BN2: 0.98562336 | BO2: 0.98573365 | BP2: 0.98583663 | BQ2: 0.98582788 | BR2: 0.98601458 | BS2: 0.98629426
A3: 0 | B3: 0.95171421 | C3: 0.95077507 | D3: 0.95610638 | E3: 0.95464267 | F3: 0.9611842 | G3: 0.96374135 | H3: 0.96598038 | I3: 0.96805827 | J3: 0.96977231 | K3: 0.97106281 | L3: 0.97200863 | M3: 0.97278642 | N3: 0.97381843 | O3: 0.97489107 | P3: 0.97597155 | Q3: 0.97697211 | R3: 0.97790435 | S3: 0.97863469 | T3: 0.9796806 | U3: 0.98062898 | V3: 0.97947647 | W3: 0.98266001 | X3: 0.98392734 | Y3: 0.98466739 | Z3: 0.98556809 | AA3: 0.98631178 | AB3: 0.98734511 | AC3: 0.98805293 | AD3: 0.98846343 | AE3: 0.98914907 | AF3: 0.98980035 | AG3: 0.99026472 | AH3: 0.99066675 | AI3: 0.99107607 | AJ3: 0.99154403 | AK3: 0.99201019 | AL3: 0.99237397 | AM3: 0.99276742 | AN3: 0.9931895 | AO3: 0.99316288 | AP3: 0.99359359 | AQ3: 0.9941642 | AR3: 0.99439291 | AS3: 0.99466371 | AT3: 0.99486574 | AU3: 0.99511108 | AV3: 0.99532595 | AW3: 0.9955158 | AX3: 0.99572091 | AY3: 0.99592055 | AZ3: 0.99614866 | BA3: 0.99638419 | BB3: 0.9965921 | BC3: 0.99674289 | BD3: 0.99686408 | BE3: 0.99696816 | BF3: 0.99704309 | BG3: 0.99709271 | BH3: 0.99715199 | BI3: 0.99733692 | BJ3: 0.99742163 | BK3: 0.99747596 | BL3: 0.99750121 | BM3: 0.99752048 | BN3: 0.99752869 | BO3: 0.99753511 | BP3: 0.99755704 | BQ3: 0.99754508 | BR3: 0.9975861 | BS3: 0.99763078
A4: 1 | B4: 0.95498572 | C4: 0.95335773 | D4: 0.96032568 | E4: 0.95856797 | F4: 0.96574541 | G4: 0.96826417 | H4: 0.97085893 | I4: 0.97287732 | J4: 0.97475594 | K4: 0.976067 | L4: 0.97700662 | M4: 0.97774496 | N4: 0.97882633 | O4: 0.97997037 | P4: 0.98110366 | Q4: 0.98219754 | R4: 0.9831828 | S4: 0.98403026 | T4: 0.98513327 | U4: 0.98618402 | V4: 0.98472219 | W4: 0.98844597 | X4: 0.98992149 | Y4: 0.99082972 | Z4: 0.99181832 | AA4: 0.99252451 | AB4: 0.99346995 | AC4: 0.99400076 | AD4: 0.99419314 | AE4: 0.99467235 | AF4: 0.99513122 | AG4: 0.99539364 | AH4: 0.9956136 | AI4: 0.99585158 | AJ4: 0.99616243 | AK4: 0.99646449 | AL4: 0.9966541 | AM4: 0.99685895 | AN4: 0.99708361 | AO4: 0.99726303 | AP4: 0.99745777 | AQ4: 0.99753911 | AR4: 0.99763523 | AS4: 0.99778882 | AT4: 0.99789022 | AU4: 0.9980406 | AV4: 0.99816261 | AW4: 0.99826843 | AX4: 0.99838305 | AY4: 0.99848316 | AZ4: 0.99859476 | BA4: 0.99870866 | BB4: 0.9988025 | BC4: 0.99886007 | BD4: 0.99890209 | BE4: 0.99893792 | BF4: 0.99895922 | BG4: 0.99896953 | BH4: 0.99899266 | BI4: 0.99919549 | BJ4: 0.99925379 | BK4: 0.99926771 | BL4: 0.99926402 | BM4: 0.99926376 | BN4: 0.99925073 | BO4: 0.99924619 | BP4: 0.99926085 | BQ4: 0.99927108 | BR4: 0.99927223 | BS4: 0.99927993
A5: 2 | B5: 0.97475694 | C5: 0.97318726 | D5: 0.97770649 | E5: 0.97651802 | F5: 0.98109558 | G5: 0.98212079 | H5: 0.98407294 | I5: 0.98484489 | J5: 0.98592702 | K5: 0.98668032 | L5: 0.98730598 | M5: 0.98783371 | N5: 0.98838913 | O5: 0.98899717 | P5: 0.98958183 | Q5: 0.99025042 | R5: 0.99069707 | S5: 0.99128129 | T5: 0.99165598 | U5: 0.99230009 | V5: 0.99156729 | W5: 0.99357039 | X5: 0.99422532 | Y5: 0.99495607 | Z5: 0.99554431 | AA5: 0.99598962 | AB5: 0.99630172 | AC5: 0.99651757 | AD5: 0.99675408 | AE5: 0.9969663 | AF5: 0.99720915 | AG5: 0.99741613 | AH5: 0.99757413 | AI5: 0.99770134 | AJ5: 0.99782677 | AK5: 0.99795272 | AL5: 0.99809089 | AM5: 0.99818743 | AN5: 0.99828466 | AO5: 0.99837464 | AP5: 0.99847049 | AQ5: 0.99860484 | AR5: 0.99870453 | AS5: 0.99876239 | AT5: 0.99883107 | AU5: 0.99887687 | AV5: 0.99892705 | AW5: 0.99899362 | AX5: 0.99905219 | AY5: 0.99911701 | AZ5: 0.99918578 | BA5: 0.99924499 | BB5: 0.99928593 | BC5: 0.99931604 | BD5: 0.99933397 | BE5: 0.99934695 | BF5: 0.99936288 | BG5: 0.99937659 | BH5: 0.99938621 | BI5: 0.99948661 | BJ5: 0.99952976 | BK5: 0.99953902 | BL5: 0.99954328 | BM5: 0.99954009 | BN5: 0.99954247 | BO5: 0.99955393 | BP5: 0.99956576 | BQ5: 0.99960725 | BR5: 0.99958022 | BS5: 0.9995824
A6: 3 | B6: 0.98404827 | C6: 0.98267265 | D6: 0.98575475 | E6: 0.98489462 | F6: 0.98807636 | G6: 0.98843713 | H6: 0.98995984 | I6: 0.9902029 | J6: 0.99089337 | K6: 0.9913797 | L6: 0.99183567 | M6: 0.9922428 | N6: 0.99255568 | O6: 0.99291377 | P6: 0.99325247 | Q6: 0.99370616 | R6: 0.99392275 | S6: 0.994361 | T6: 0.99445122 | U6: 0.994897 | V6: 0.99448091 | W6: 0.99571998 | X6: 0.99604617 | Y6: 0.99664448 | Z6: 0.99705127 | AA6: 0.99736896 | AB6: 0.99746343 | AC6: 0.9975689 | AD6: 0.99779205 | AE6: 0.99790656 | AF6: 0.99806148 | AG6: 0.99823166 | AH6: 0.99835621 | AI6: 0.99843868 | AJ6: 0.99849884 | AK6: 0.99856204 | AL6: 0.99867257 | AM6: 0.99872817 | AN6: 0.99877749 | AO6: 0.99883173 | AP6: 0.99889148 | AQ6: 0.99902669 | AR6: 0.99911715 | AS6: 0.99914321 | AT6: 0.9991959 | AU6: 0.99920815 | AV6: 0.99923323 | AW6: 0.99928162 | AX6: 0.99931902 | AY6: 0.99936696 | AZ6: 0.99941698 | BA6: 0.99945432 | BB6: 0.99947604 | BC6: 0.99949628 | BD6: 0.99950613 | BE6: 0.99951226 | BF6: 0.999526 | BG6: 0.99953891 | BH6: 0.99954349 | BI6: 0.99960439 | BJ6: 0.99963798 | BK6: 0.99964449 | BL6: 0.9996497 | BM6: 0.99964716 | BN6: 0.99965231 | BO6: 0.99966578 | BP6: 0.9996736 | BQ6: 0.99970991 | BR6: 0.99968697 | BS6: 0.99968599
A7: 4 | B7: 0.98916805 | C7: 0.98799562 | D7: 0.99018831 | E7: 0.98953937 | F7: 0.99186968 | G7: 0.99191852 | H7: 0.99313216 | I7: 0.99313174 | J7: 0.99360166 | K7: 0.99394 | L7: 0.99428805 | M7: 0.99461542 | N7: 0.99479995 | O7: 0.99502343 | P7: 0.99523436 | Q7: 0.99556194 | R7: 0.9956646 | S7: 0.99600998 | T7: 0.99597128 | U7: 0.99630068 | V7: 0.99604704 | W7: 0.99687766 | X7: 0.997039 | Y7: 0.99753783 | Z7: 0.99784443 | AA7: 0.99808464 | AB7: 0.99808664 | AC7: 0.99814029 | AD7: 0.99834404 | AE7: 0.9984115 | AF7: 0.99852031 | AG7: 0.99866384 | AH7: 0.9987676 | AI7: 0.9988269 | AJ7: 0.9988567 | AK7: 0.99889011 | AL7: 0.99898308 | AM7: 0.99901826 | AN7: 0.9990436 | AO7: 0.99907927 | AP7: 0.99912067 | AQ7: 0.99924817 | AR7: 0.99932925 | AS7: 0.99934124 | AT7: 0.99938467 | AU7: 0.99938264 | AV7: 0.99939573 | AW7: 0.99943294 | AX7: 0.99945971 | AY7: 0.99949744 | AZ7: 0.99953675 | BA7: 0.99956267 | BB7: 0.99957411 | BC7: 0.99959022 | BD7: 0.99959697 | BE7: 0.99959986 | BF7: 0.99961256 | BG7: 0.99962393 | BH7: 0.99962556 | BI7: 0.99966641 | BJ7: 0.9996936 | BK7: 0.99969807 | BL7: 0.99970234 | BM7: 0.99970127 | BN7: 0.99970637 | BO7: 0.9997191 | BP7: 0.99972388 | BQ7: 0.99975103 | BR7: 0.99973555 | BS7: 0.99973257
A8: 5 | B8: 0.99225061 | C8: 0.9912619 | D8: 0.99287079 | E8: 0.99237132 | F8: 0.99413611 | G8: 0.99404259 | H8: 0.99502445 | I8: 0.99491034 | J8: 0.99524621 | K8: 0.99549373 | L8: 0.99576771 | M8: 0.9960392 | N8: 0.99615068 | O8: 0.99629413 | P8: 0.99643372 | Q8: 0.99667967 | R8: 0.99672139 | S8: 0.99700133 | T8: 0.99690242 | U8: 0.99715486 | V8: 0.99699318 | W8: 0.99757848 | X8: 0.99764664 | Y8: 0.9980655 | Z8: 0.99831227 | AA8: 0.99849959 | AB8: 0.99846243 | AC8: 0.99848553 | AD8: 0.99867396 | AE8: 0.9987158 | AF8: 0.99879686 | AG8: 0.99891904 | AH8: 0.99900937 | AI8: 0.99905641 | AJ8: 0.9990704 | AK8: 0.99908798 | AL8: 0.99917012 | AM8: 0.99919386 | AN8: 0.9992051 | AO8: 0.99922949 | AP8: 0.99926007 | AQ8: 0.9993782 | AR8: 0.99945196 | AS8: 0.99945745 | AT8: 0.99949457 | AU8: 0.99948569 | AV8: 0.99949243 | AW8: 0.99952224 | AX8: 0.99954217 | AY8: 0.99957328 | AZ8: 0.99960595 | BA8: 0.99962473 | BB8: 0.99963026 | BC8: 0.99964417 | BD8: 0.99964995 | BE8: 0.99965104 | BF8: 0.99966268 | BG8: 0.99967277 | BH8: 0.99967308 | BI8: 0.99970149 | BJ8: 0.99972487 | BK8: 0.99972828 | BL8: 0.99973072 | BM8: 0.99973086 | BN8: 0.99973514 | BO8: 0.99974656 | BP8: 0.9997489 | BQ8: 0.99976677 | BR8: 0.99975941 | BS8: 0.99975468
A9: 6 | B9: 0.99420489 | C9: 0.99337614 | D9: 0.99458353 | E9: 0.99420057 | F9: 0.99556575 | G9: 0.99541828 | H9: 0.99622009 | I9: 0.9960574 | J9: 0.99630678 | K9: 0.99649646 | L9: 0.99671833 | M9: 0.99694838 | N9: 0.99701773 | O9: 0.9971105 | P9: 0.99720944 | Q9: 0.99739755 | R9: 0.9974068 | S9: 0.99763601 | T9: 0.99751171 | U9: 0.99770917 | V9: 0.99760346 | W9: 0.9980286 | X9: 0.99803938 | Y9: 0.99839003 | Z9: 0.99859971 | AA9: 0.99874798 | AB9: 0.99869897 | AC9: 0.99870014 | AD9: 0.99887825 | AE9: 0.99890505 | AF9: 0.99896932 | AG9: 0.99907278 | AH9: 0.99915404 | AI9: 0.9991974 | AJ9: 0.99920251 | AK9: 0.99921135 | AL9: 0.99928593 | AM9: 0.99930362 | AN9: 0.9993063 | AO9: 0.99932364 | AP9: 0.99934693 | AQ9: 0.99945591 | AR9: 0.99952457 | AS9: 0.99952696 | AT9: 0.99955963 | AU9: 0.99954823 | AV9: 0.999551 | AW9: 0.99957532 | AX9: 0.99959065 | AY9: 0.9996169 | AZ9: 0.99964561 | BA9: 0.99965888 | BB9: 0.99966164 | BC9: 0.99967433 | BD9: 0.99967987 | BE9: 0.99968053 | BF9: 0.99969061 | BG9: 0.99970002 | BH9: 0.99970002 | BI9: 0.99971956 | BJ9: 0.99974095 | BK9: 0.99974371 | BL9: 0.99974481 | BM9: 0.99974621 | BN9: 0.99974918 | BO9: 0.99975883 | BP9: 0.99975965 | BQ9: 0.99976736 | BR9: 0.99976944 | BS9: 0.99976347
A10: 7 | B10: 0.99547217 | C10: 0.99478309 | D10: 0.99570408 | E10: 0.99541792 | F10: 0.99648812 | G10: 0.99633639 | H10: 0.99699523 | I10: 0.99682009 | J10: 0.99701143 | K10: 0.99716311 | L10: 0.99734767 | M10: 0.99754726 | N10: 0.99759233 | O10: 0.99765235 | P10: 0.99772786 | Q10: 0.99787251 | R10: 0.99786652 | S10: 0.99805413 | T10: 0.99792462 | U10: 0.99807908 | V10: 0.99800854 | W10: 0.99832291 | X10: 0.99829508 | Y10: 0.99858644 | Z10: 0.99877164 | AA10: 0.99889051 | AB10: 0.99884444 | AC10: 0.99882737 | AD10: 0.9989989 | AE10: 0.99901715 | AF10: 0.99907123 | AG10: 0.99915679 | AH10: 0.99923291 | AI10: 0.99927945 | AJ10: 0.99927999 | AK10: 0.9992838 | AL10: 0.99935234 | AM10: 0.99936804 | AN10: 0.99936546 | AO10: 0.99937945 | AP10: 0.99939614 | AQ10: 0.99949798 | AR10: 0.99956264 | AS10: 0.99956403 | AT10: 0.99959415 | AU10: 0.99958278 | AV10: 0.99958356 | AW10: 0.99960246 | AX10: 0.99961434 | AY10: 0.99963755 | AZ10: 0.9996635 | BA10: 0.99967281 | BB10: 0.9996744 | BC10: 0.99968709 | BD10: 0.99969318 | BE10: 0.99969372 | BF10: 0.99970094 | BG10: 0.99971036 | BH10: 0.9997103 | BI10: 0.99972327 | BJ10: 0.99974512 | BK10: 0.99974688 | BL10: 0.99974649 | BM10: 0.99975007 | BN10: 0.99975138 | BO10: 0.99975978 | BP10: 0.99975958 | BQ10: 0.9997545 | BR10: 0.99976873 | BS10: 0.99976174
A11: 8 | B11: 0.9962909 | C11: 0.99572279 | D11: 0.99643475 | E11: 0.99623279 | F11: 0.99707748 | G11: 0.99695182 | H11: 0.99749312 | I11: 0.9973275 | J11: 0.99748089 | K11: 0.99760537 | L11: 0.99776385 | M11: 0.99794053 | N11: 0.99797386 | O11: 0.99801234 | P11: 0.9980747 | Q11: 0.99818621 | R11: 0.99817591 | S11: 0.99832854 | T11: 0.99820527 | U11: 0.99832418 | V11: 0.99827629 | W11: 0.99851022 | X11: 0.99845488 | Y11: 0.99869432 | Z11: 0.9988613 | AA11: 0.99895825 | AB11: 0.99892336 | AC11: 0.99888963 | AD11: 0.99905779 | AE11: 0.99907065 | AF11: 0.99911821 | AG11: 0.99918656 | AH11: 0.99926054 | AI11: 0.99931613 | AJ11: 0.99931454 | AK11: 0.99931598 | AL11: 0.99937982 | AM11: 0.99939643 | AN11: 0.99939013 | AO11: 0.99940399 | AP11: 0.99941494 | AQ11: 0.99951035 | AR11: 0.99957242 | AS11: 0.99957529 | AT11: 0.99960357 | AU11: 0.99959371 | AV11: 0.99959401 | AW11: 0.99960839 | AX11: 0.9996167 | AY11: 0.99963884 | AZ11: 0.99966287 | BA11: 0.99966913 | BB11: 0.99967038 | BC11: 0.99968383 | BD11: 0.99969154 | BE11: 0.99969217 | BF11: 0.99969506 | BG11: 0.99970509 | BH11: 0.99970497 | BI11: 0.99971146 | BJ11: 0.99973592 | BK11: 0.99973606 | BL11: 0.99973504 | BM11: 0.99974142 | BN11: 0.99974104 | BO11: 0.99974872 | BP11: 0.99974768 | BQ11: 0.99972534 | BR11: 0.9997563 | BS11: 0.99974861
A12: 9 | B12: 0.99679798 | C12: 0.99633388 | D12: 0.9968916 | E12: 0.99676642 | F12: 0.99743808 | G12: 0.99735277 | H12: 0.99779613 | I12: 0.99765347 | J12: 0.99778151 | K12: 0.99788837 | L12: 0.99802711 | M12: 0.99818719 | N12: 0.99821712 | O12: 0.99824236 | P12: 0.99829887 | Q12: 0.99838418 | R12: 0.99837691 | S12: 0.99849927 | T12: 0.99838851 | U12: 0.99847784 | V12: 0.9984449 | W12: 0.9986196 | X12: 0.99854256 | Y12: 0.99873718 | Z12: 0.99888818 | AA12: 0.99896853 | AB12: 0.9989487 | AC12: 0.99890079 | AD12: 0.99906591 | AE12: 0.99907607 | AF12: 0.99911839 | AG12: 0.99917074 | AH12: 0.99924455 | AI12: 0.99931453 | AJ12: 0.99931237 | AK12: 0.99931357 | AL12: 0.99937328 | AM12: 0.99939255 | AN12: 0.99938435 | AO12: 0.99939991 | AP12: 0.99940676 | AQ12: 0.999496 | AR12: 0.99955688 | AS12: 0.99956326 | AT12: 0.99958997 | AU12: 0.99958285 | AV12: 0.99958319 | AW12: 0.9995935 | AX12: 0.99959955 | AY12: 0.9996215 | AZ12: 0.99964459 | BA12: 0.99964834 | BB12: 0.99964992 | BC12: 0.99966426 | BD12: 0.99967434 | BE12: 0.99967483 | BF12: 0.99967342 | BG12: 0.99968423 | BH12: 0.99968298 | BI12: 0.99968189 | BJ12: 0.99970839 | BK12: 0.99970612 | BL12: 0.99970548 | BM12: 0.99971662 | BN12: 0.99971507 | BO12: 0.99972192 | BP12: 0.99972014 | BQ12: 0.99967413 | BR12: 0.99972796 | BS12: 0.99972083
A13: 10 | B13: 0.99707665 | C13: 0.99670397 | D13: 0.99714602 | E13: 0.99709106 | F13: 0.99763244 | G13: 0.99759381 | H13: 0.99795555 | I13: 0.99784228 | J13: 0.99795429 | K13: 0.99805068 | L13: 0.99817651 | M13: 0.99832428 | N13: 0.99835628 | O13: 0.99837504 | P13: 0.99842929 | Q13: 0.99849458 | R13: 0.99849396 | S13: 0.99859088 | T13: 0.99849637 | U13: 0.99856011 | V13: 0.99853752 | W13: 0.99866803 | X13: 0.99857429 | Y13: 0.99872969 | Z13: 0.99886479 | AA13: 0.99893389 | AB13: 0.99892989 | AC13: 0.99886961 | AD13: 0.99903055 | AE13: 0.99903987 | AF13: 0.99907687 | AG13: 0.99911459 | AH13: 0.99919014 | AI13: 0.99927896 | AJ13: 0.99927788 | AK13: 0.99927988 | AL13: 0.99933554 | AM13: 0.99935844 | AN13: 0.99935045 | AO13: 0.99936891 | AP13: 0.99937377 | AQ13: 0.99945626 | AR13: 0.99951684 | AS13: 0.99952835 | AT13: 0.99955414 | AU13: 0.99955059 | AV13: 0.99955176 | AW13: 0.99955796 | AX13: 0.99956305 | AY13: 0.99958612 | AZ13: 0.99960919 | BA13: 0.9996106 | BB13: 0.99961243 | BC13: 0.99962858 | BD13: 0.99964083 | BE13: 0.99964115 | BF13: 0.99963568 | BG13: 0.9996463 | BH13: 0.99964268 | BI13: 0.99963317 | BJ13: 0.99965623 | BK13: 0.9996511 | BL13: 0.99965108 | BM13: 0.9996713 | BN13: 0.99967002 | BO13: 0.99967552 | BP13: 0.99967321 | BQ13: 0.9995946 | BR13: 0.99967755 | BS13: 0.99967229
A14: 11 | B14: 0.99718617 | C14: 0.99689102 | D14: 0.99724881 | E14: 0.99725528 | F14: 0.99770077 | G14: 0.9977092 | H14: 0.99800302 | I14: 0.99792306 | J14: 0.99802692 | K14: 0.99811799 | L14: 0.99823713 | M14: 0.99837644 | N14: 0.99841332 | O14: 0.99843103 | P14: 0.99848421 | Q14: 0.99853474 | R14: 0.99854329 | S14: 0.99861951 | T14: 0.99854286 | U14: 0.99858374 | V14: 0.99856899 | W14: 0.99866684 | X14: 0.99856096 | Y14: 0.99868221 | Z14: 0.99880006 | AA14: 0.99886256 | AB14: 0.99887357 | AC14: 0.99880219 | AD14: 0.9989579 | AE14: 0.9989665 | AF14: 0.99899859 | AG14: 0.99902247 | AH14: 0.99910172 | AI14: 0.99921292 | AJ14: 0.99921458 | AK14: 0.99921743 | AL14: 0.99926831 | AM14: 0.99929553 | AN14: 0.9992893 | AO14: 0.99931267 | AP14: 0.99931748 | AQ14: 0.99939258 | AR14: 0.99945335 | AS14: 0.99947106 | AT14: 0.99949645 | AU14: 0.99949725 | AV14: 0.99949962 | AW14: 0.99950245 | AX14: 0.99950796 | AY14: 0.99953301 | AZ14: 0.99955689 | BA14: 0.99955682 | BB14: 0.99955825 | BC14: 0.99957682 | BD14: 0.99959106 | BE14: 0.99959072 | BF14: 0.9995813 | BG14: 0.99959111 | BH14: 0.99958372 | BI14: 0.9995638 | BJ14: 0.99957343 | BK14: 0.9995642 | BL14: 0.99956646 | BM14: 0.99960045 | BN14: 0.99960176 | BO14: 0.99960584 | BP14: 0.99960189 | BQ14: 0.99948182 | BR14: 0.99959922 | BS14: 0.99959653
... A111: 108 | B111: 0.32947193 | C111: 0.32946545 | D111: 0.32949162 | E111: 0.32948065 | F111: 0.32954175 | G111: 0.32956447 | H111: 0.32958978 | I111: 0.32961879 | J111: 0.32961879 | K111: 0.32965171 | L111: 0.32968761 | M111: 0.32969616 | N111: 0.32969616 | O111: 0.32976574 | P111: 0.32976574 | Q111: 0.32983557 | R111: 0.32983557 | S111: 0.32983557 | T111: 0.32983557 | U111: 0.32990655 | V111: 0.32983557 | W111: 0.33005588 | X111: 0.33005588 | Y111: 0.33005588 | Z111: 0.33005588 | AA111: 0.33013584 | AB111: 0.33013584 | AC111: 0.33022206 | AD111: 0.33022206 | AE111: 0.33022206 | AF111: 0.33022206 | AG111: 0.33031551 | AH111: 0.33041407 | AI111: 0.33041407 | AJ111: 0.33052772 | AK111: 0.33052772 | AL111: 0.3306491 | AM111: 0.3306491 | AN111: 0.3306491 | AO111: 0.33079906 | AP111: 0.33079906 | AQ111: 0.33098845 | AR111: 0.33098845 | AS111: 0.33098845 | AT111: 0.33119107 | AU111: 0.33119107 | AV111: 0.33119107 | AW111: 0.33119107 | AX111: 0.33174856 | AY111: 0.33174856 | AZ111: 0.3323946 | BA111: 0.3323946 | BB111: 0.3323946 | BC111: 0.3323946 | BD111: 0.3323946 | BE111: 0.3323946 | BF111: 0.33344525 | BG111: 0.33344525 | BH111: 0.3323946 | BI111: 0.3323946 | BJ111: 0.33174856 | BK111: 0.3323946 | BL111: 0.3323946 | BM111: 0.3323946 | BN111: 0.3323946 | BO111: 0.3323946 | BP111: 0.3323946 | BQ111: 0.3323946 | BR111: 0.3323946 | BS111: 0.3323946

Sheet Fecundidad_quinq
A1: TEF | B1: 1950 | C1: 1951 | D1: 1952 | E1: 1953 | F1: 1954 | G1: 1955 | H1: 1956 | I1: 1957 | J1: 1958 | K1: 1959 | L1: 1960 | M1: 1961 | N1: 1962 | O1: 1963 | P1: 1964 | Q1: 1965 | R1: 1966 | S1: 1967 | T1: 1968 | U1: 1969 | V1: 1970 | W1: 1971 | X1: 1972 | Y1: 1973 | Z1: 1974 | AA1: 1975 | AB1: 1976 | AC1: 1977 | AD1: 1978 | AE1: 1979 | AF1: 1980 | AG1: 1981 | AH1: 1982 | AI1: 1983 | AJ1: 1984 | AK1: 1985 | AL1: 1986 | AM1: 1987 | AN1: 1988 | AO1: 1989 | AP1: 1990 | AQ1: 1991 | AR1: 1992 | AS1: 1993 | AT1: 1994 | AU1: 1995 | AV1: 1996 | AW1: 1997 | AX1: 1998 | AY1: 1999 | AZ1: 2000 | BA1: 2001 | BB1: 2002 | BC1: 2003 | BD1: 2004 | BE1: 2005 | BF1: 2006 | BG1: 2007 | BH1: 2008 | BI1: 2009 | BJ1: 2010 | BK1: 2011 | BL1: 2012 | BM1: 2013 | BN1: 2014 | BO1: 2015 | BP1: 2016 | BQ1: 2017 | BR1: 2018 | BS1: 2019 | BT1: 2020 | BU1: 2021 | BV1: 2022 | BW1: 2023 | BX1: 2024 | BY1: 2025 | BZ1: 2026 | CA1: 2027 | CB1: 2028 | CC1: 2029 | CD1: 2030 | CE1: 2031 | CF1: 2032 | CG1: 2033 | CH1: 2034 | CI1: 2035 | CJ1: 2036 | CK1: 2037 | CL1: 2038 | CM1: 2039 | CN1: 2040 | CO1: 2041 | CP1: 2042 | CQ1: 2043 | CR1: 2044 | CS1: 2045 | CT1: 2046 | CU1: 2047 | CV1: 2048 | CW1: 2049 | CX1: 2050 | CY1: 2051 | CZ1: 2052 | DA1: 2053 | DB1: 2054 | DC1: 2055 | DD1: 2056 | DE1: 2057 | DF1: 2058 | DG1: 2059 | DH1: 2060 | DI1: 2061 | DJ1: 2062 | DK1: 2063 | DL1: 2064 | DM1: 2065 | DN1: 2066 | DO1: 2067 | DP1: 2068 | DQ1: 2069 | DR1: 2070
A2: 15-19 | B2: 0.14784055 | C2: 0.14760845 | D2: 0.14772764 | E2: 0.14867059 | F2: 0.14994042 | G2: 0.15070153 | H2: 0.15077742 | I2: 0.15053228 | J2: 0.15022299 | K2: 0.15011613 | L2: 0.14995842 | M2: 0.14946674 | N2: 0.14837289 | O2: 0.14679371 | P2: 0.14494379 | Q2: 0.14270949 | R2: 0.1400375 | S2: 0.13714898 | T2: 0.13464352 | U2: 0.13332066 | V2: 0.13339206 | W2: 0.13443303 | X2: 0.1356069 | Y2: 0.13637735 | Z2: 0.13657546 | AA2: 0.13602107 | AB2: 0.13449681 | AC2: 0.13203165 | AD2: 0.12876632 | AE2: 0.12492693 | AF2: 0.12070164 | AG2: 0.11618366 | AH2: 0.11150456 | AI2: 0.10684579 | AJ2: 0.10253004 | AK2: 0.09880278 | AL2: 0.0957801 | AM2: 0.09353007 | AN2: 0.09195329 | AO2: 0.09089495 | AP2: 0.09023316 | AQ2: 0.08979424 | AR2: 0.08932138 | AS2: 0.08859282 | AT2: 0.08766908 | AU2: 0.08677621 | AV2: 0.08609792 | AW2: 0.08556392 | AX2: 0.08498493 | AY2: 0.08427989 | AZ2: 0.08349368 | BA2: 0.08261784 | BB2: 0.08165239 | BC2: 0.08057568 | BD2: 0.07951613 | BE2: 0.07866721 | BF2: 0.0781937 | BG2: 0.07811569 | BH2: 0.07832146 | BI2: 0.07853459 | BJ2: 0.07851286 | BK2: 0.07811843 | BL2: 0.07731792 | BM2: 0.0761322 | BN2: 0.07449598 | BO2: 0.07238167 | BP2: 0.06984584 | BQ2: 0.06796853 | BR2: 0.06677473 | BS2: 0.06510769
A3: 20-24 | B3: 0.28375169 | C3: 0.28434558 | D3: 0.28759838 | E3: 0.29134862 | F3: 0.29482435 | G3: 0.29699927 | H3: 0.29865997 | I3: 0.30147498 | J3: 0.3060318 | K3: 0.30956972 | L3: 0.31034212 | M3: 0.30877713 | N3: 0.30737259 | O3: 0.307087 | P3: 0.30790575 | Q3: 0.30722148 | R3: 0.30586897 | S3: 0.30457781 | T3: 0.30343123 | U3: 0.30202334 | V3: 0.3001985 | W3: 0.29772182 | X3: 0.29531948 | Y3: 0.29179874 | Z3: 0.28678199 | AA3: 0.27989329 | AB3: 0.27089124 | AC3: 0.26091862 | AD3: 0.25123949 | AE3: 0.24352377 | AF3: 0.23764888 | AG3: 0.23310781 | AH3: 0.22938948 | AI3: 0.22479647 | AJ3: 0.21979895 | AK3: 0.21397677 | AL3: 0.20795305 | AM3: 0.20276701 | AN3: 0.1984964 | AO3: 0.19548964 | AP3: 0.19252694 | AQ3: 0.18921925 | AR3: 0.18490077 | AS3: 0.18028378 | AT3: 0.17554268 | AU3: 0.17052035 | AV3: 0.1658955 | AW3: 0.16256274 | AX3: 0.16123892 | AY3: 0.16084347 | AZ3: 0.15935642 | BA3: 0.15632101 | BB3: 0.15253087 | BC3: 0.14862856 | BD3: 0.14550888 | BE3: 0.14303838 | BF3: 0.1415167 | BG3: 0.1407791 | BH3: 0.14025658 | BI3: 0.13938419 | BJ3: 0.13760848 | BK3: 0.13467939 | BL3: 0.13128821 | BM3: 0.1284531 | BN3: 0.12598377 | BO3: 0.12279641 | BP3: 0.11835452 | BQ3: 0.11431439 | BR3: 0.11174587 | BS3: 0.10918104
A4: 25-29 | B4: 0.30386764 | C4: 0.30217258 | D4: 0.30278416 | E4: 0.30487441 | F4: 0.30754112 | G4: 0.3097277 | H4: 0.30977895 | I4: 0.30983337 | J4: 0.31254705 | K4: 0.31657327 | L4: 0.32131351 | M4: 0.32445654 | N4: 0.32749793 | O4: 0.32979037 | P4: 0.3319733 | Q4: 0.33311984 | R4: 0.33369273 | S4: 0.33458194 | T4: 0.33463807 | U4: 0.33217815 | V4: 0.32802002 | W4: 0.3218682 | X4: 0.31513181 | Y4: 0.30609209 | Z4: 0.29438364 | AA4: 0.28114891 | AB4: 0.26797423 | AC4: 0.25775601 | AD4: 0.25079242 | AE4: 0.24507847 | AF4: 0.23884769 | AG4: 0.23189515 | AH4: 0.22568343 | AI4: 0.22055751 | AJ4: 0.21651449 | AK4: 0.21178775 | AL4: 0.20648303 | AM4: 0.20107057 | AN4: 0.19612968 | AO4: 0.19197096 | AP4: 0.18786406 | AQ4: 0.18361131 | AR4: 0.17843484 | AS4: 0.17291133 | AT4: 0.16773778 | AU4: 0.16233992 | AV4: 0.15729666 | AW4: 0.15299309 | AX4: 0.15003626 | AY4: 0.14878475 | AZ4: 0.14676963 | BA4: 0.14358071 | BB4: 0.13925581 | BC4: 0.13553115 | BD4: 0.13289515 | BE4: 0.13106013 | BF4: 0.12938509 | BG4: 0.12747225 | BH4: 0.12534487 | BI4: 0.12293889 | BJ4: 0.1199081 | BK4: 0.11661816 | BL4: 0.11323161 | BM4: 0.11083061 | BN4: 0.10937845 | BO4: 0.10808481 | BP4: 0.10631725 | BQ4: 0.10479963 | BR4: 0.10434263 | BS4: 0.10335688
A5: 30-34 | B5: 0.25741182 | C5: 0.25596838 | D5: 0.25647567 | E5: 0.2582424 | F5: 0.26049825 | G5: 0.2623492 | H5: 0.26245007 | I5: 0.26233659 | J5: 0.26383419 | K5: 0.2654458 | L5: 0.2685054 | M5: 0.27242867 | N5: 0.27581416 | O5: 0.27821562 | P5: 0.27725686 | Q5: 0.2734244 | R5: 0.27050049 | S5: 0.26942677 | T5: 0.27018357 | U5: 0.27031222 | V5: 0.2681695 | W5: 0.26362866 | X5: 0.25904123 | Y5: 0.25452112 | Z5: 0.24787335 | AA5: 0.23891822 | AB5: 0.22622544 | AC5: 0.21273614 | AD5: 0.2005748 | AE5: 0.19048874 | AF5: 0.18246356 | AG5: 0.17631364 | AH5: 0.17217276 | AI5: 0.16940867 | AJ5: 0.16638166 | AK5: 0.16272508 | AL5: 0.15761226 | AM5: 0.15226573 | AN5: 0.14745254 | AO5: 0.14323404 | AP5: 0.13976904 | AQ5: 0.13612701 | AR5: 0.13245527 | AS5: 0.1281178 | AT5: 0.12291038 | AU5: 0.11778294 | AV5: 0.1124164 | AW5: 0.10854243 | AX5: 0.10639692 | AY5: 0.10530112 | AZ5: 0.10363379 | BA5: 0.10123952 | BB5: 0.0987826 | BC5: 0.09697878 | BD5: 0.0956492 | BE5: 0.09409987 | BF5: 0.09231686 | BG5: 0.09041309 | BH5: 0.08850897 | BI5: 0.08637259 | BJ5: 0.08377685 | BK5: 0.08125763 | BL5: 0.07898553 | BM5: 0.07764304 | BN5: 0.07660369 | BO5: 0.0757819 | BP5: 0.07440186 | BQ5: 0.07363489 | BR5: 0.07404502 | BS5: 0.07459631
A6: 35-39 | B6: 0.19256558 | C6: 0.19146186 | D6: 0.19181885 | E6: 0.19312056 | F6: 0.19479126 | G6: 0.19616116 | H6: 0.19621745 | I6: 0.19611084 | J6: 0.19720538 | K6: 0.19839053 | L6: 0.19973763 | M6: 0.1999708 | N6: 0.19961117 | O6: 0.19955655 | P6: 0.19930516 | Q6: 0.19946087 | R6: 0.2000646 | S6: 0.2006194 | T6: 0.20063159 | U6: 0.19885476 | V6: 0.19596145 | W6: 0.1933756 | X6: 0.19113453 | Y6: 0.18694503 | Z6: 0.1803056 | AA6: 0.17124084 | AB6: 0.16192224 | AC6: 0.15260779 | AD6: 0.14381898 | AE6: 0.13531663 | AF6: 0.12842778 | AG6: 0.1232923 | AH6: 0.11850044 | AI6: 0.11346426 | AJ6: 0.10863773 | AK6: 0.10458127 | AL6: 0.10104873 | AM6: 0.09738383 | AN6: 0.09291506 | AO6: 0.08866618 | AP6: 0.08509774 | AQ6: 0.08158901 | AR6: 0.07779617 | AS6: 0.0735229 | AT6: 0.06941181 | AU6: 0.06615753 | AV6: 0.0635762 | AW6: 0.06148906 | AX6: 0.0598245 | AY6: 0.05796869 | AZ6: 0.05583352 | BA6: 0.05342551 | BB6: 0.05104825 | BC6: 0.04930388 | BD6: 0.04800861 | BE6: 0.04717849 | BF6: 0.04646381 | BG6: 0.04580895 | BH6: 0.04476403 | BI6: 0.04333734 | BJ6: 0.04171267 | BK6: 0.04024485 | BL6: 0.03922929 | BM6: 0.03872453 | BN6: 0.03816502 | BO6: 0.03742746 | BP6: 0.03667245 | BQ6: 0.03674568 | BR6: 0.03801536 | BS6: 0.03981781
A7: 40-44 | B7: 0.06360693 | C7: 0.06377593 | D7: 0.06410649 | E7: 0.0644197 | F7: 0.06467281 | G7: 0.06495292 | H7: 0.06529711 | I7: 0.06563613 | J7: 0.0658848 | K7: 0.06605393 | L7: 0.06622045 | M7: 0.06637801 | N7: 0.06646069 | O7: 0.06641434 | P7: 0.0662407 | Q7: 0.06601587 | R7: 0.06580315 | S7: 0.06571537 | T7: 0.06581219 | U7: 0.06607342 | V7: 0.06643403 | W7: 0.06674059 | X7: 0.06685465 | Y7: 0.06661882 | Z7: 0.0658424 | AA7: 0.06438994 | AB7: 0.06228047 | AC7: 0.05968874 | AD7: 0.05683127 | AE7: 0.0538631 | AF7: 0.05088439 | AG7: 0.04796278 | AH7: 0.04521595 | AI7: 0.04270159 | AJ7: 0.04037213 | AK7: 0.03817944 | AL7: 0.03616576 | AM7: 0.03440538 | AN7: 0.03292138 | AO7: 0.03162262 | AP7: 0.0304127 | AQ7: 0.02927691 | AR7: 0.02822933 | AS7: 0.02715302 | AT7: 0.02593926 | AU7: 0.0246199 | AV7: 0.02329545 | AW7: 0.02203625 | AX7: 0.02081984 | AY7: 0.01961677 | AZ7: 0.01849934 | BA7: 0.01753568 | BB7: 0.01671752 | BC7: 0.01592369 | BD7: 0.01511031 | BE7: 0.01432927 | BF7: 0.01360875 | BG7: 0.01294798 | BH7: 0.01233668 | BI7: 0.01176726 | BJ7: 0.01128652 | BK7: 0.0109169 | BL7: 0.01061137 | BM7: 0.01033281 | BN7: 0.01008408 | BO7: 0.00989097 | BP7: 0.00973493 | BQ7: 0.00975029 | BR7: 0.0099845 | BS7: 0.01046752
A8: 45-49 | B8: 0.00898617 | C8: 0.00901053 | D8: 0.00905715 | E8: 0.00910079 | F8: 0.00913683 | G8: 0.0091773 | H8: 0.00922497 | I8: 0.00927362 | J8: 0.00930906 | K8: 0.00933386 | L8: 0.00935642 | M8: 0.00937749 | N8: 0.00938973 | O8: 0.00938223 | P8: 0.00935619 | Q8: 0.00932254 | R8: 0.00929023 | S8: 0.00927288 | T8: 0.00927486 | U8: 0.0092912 | V8: 0.0093157 | W8: 0.00932987 | X8: 0.00933944 | Y8: 0.00934623 | Z8: 0.00934246 | AA8: 0.00931326 | AB8: 0.00926187 | AC8: 0.00921063 | AD8: 0.00918681 | AE8: 0.00919638 | AF8: 0.00922277 | AG8: 0.00923459 | AH8: 0.00921157 | AI8: 0.00913146 | AJ8: 0.00897328 | AK8: 0.00872402 | AL8: 0.00839075 | AM8: 0.00799008 | AN8: 0.00754909 | AO8: 0.00708865 | AP8: 0.00663231 | AQ8: 0.00621261 | AR8: 0.00582913 | AS8: 0.00545396 | AT8: 0.00507862 | AU8: 0.00472149 | AV8: 0.00438328 | AW8: 0.00405361 | AX8: 0.003716 | AY8: 0.00337078 | AZ8: 0.00304746 | BA8: 0.0027755 | BB8: 0.00254005 | BC8: 0.00231713 | BD8: 0.0021162 | BE8: 0.00196466 | BF8: 0.00184923 | BG8: 0.00173315 | BH8: 0.0015968 | BI8: 0.00144317 | BJ8: 0.0012984 | BK8: 0.0011786 | BL8: 0.0010668 | BM8: 0.00095497 | BN8: 0.00086313 | BO8: 0.00081659 | BP8: 0.00080794 | BQ8: 0.00082534 | BR8: 0.00087845 | BS8: 0.00101865
A10: Pob_Mujeres | B10: 1950 | C10: 1951 | D10: 1952 | E10: 1953 | F10: 1954 | G10: 1955 | H10: 1956 | I10: 1957 | J10: 1958 | K10: 1959 | L10: 1960 | M10: 1961 | N10: 1962 | O10: 1963 | P10: 1964 | Q10: 1965 | R10: 1966 | S10: 1967 | T10: 1968 | U10: 1969 | V10: 1970 | W10: 1971 | X10: 1972 | Y10: 1973 | Z10: 1974 | AA10: 1975 | AB10: 1976 | AC10: 1977 | AD10: 1978 | AE10: 1979 | AF10: 1980 | AG10: 1981 | AH10: 1982 | AI10: 1983 | AJ10: 1984 | AK10: 1985 | AL10: 1986 | AM10: 1987 | AN10: 1988 | AO10: 1989 | AP10: 1990 | AQ10: 1991 | AR10: 1992 | AS10: 1993 | AT10: 1994 | AU10: 1995 | AV10: 1996 | AW10: 1997 | AX10: 1998 | AY10: 1999 | AZ10: 2000 | BA10: 2001 | BB10: 2002 | BC10: 2003 | BD10: 2004 | BE10: 2005 | BF10: 2006 | BG10: 2007 | BH10: 2008 | BI10: 2009 | BJ10: 2010 | BK10: 2011 | BL10: 2012 | BM10: 2013 | BN10: 2014 | BO10: 2015 | BP10: 2016 | BQ10: 2017 | BR10: 2018 | BS10: 2019 | BT10: 2020 | BU10: 2021 | BV10: 2022 | BW10: 2023 | BX10: 2024 | BY10: 2025 | BZ10: 2026 | CA10: 2027 | CB10: 2028 | CC10: 2029 | CD10: 2030 | CE10: 2031 | CF10: 2032 | CG10: 2033 | CH10: 2034 | CI10: 2035 | CJ10: 2036 | CK10: 2037 | CL10: 2038 | CM10: 2039 | CN10: 2040 | CO10: 2041 | CP10: 2042 | CQ10: 2043 | CR10: 2044 | CS10: 2045 | CT10: 2046 | CU10: 2047 | CV10: 2048 | CW10: 2049 | CX10: 2050 | CY10: 2051 | CZ10: 2052 | DA10: 2053 | DB10: 2054 | DC10: 2055 | DD10: 2056 | DE10: 2057 | DF10: 2058 | DG10: 2059 | DH10: 2060 | DI10: 2061 | DJ10: 2062 | DK10: 2063 | DL10: 2064 | DM10: 2065 | DN10: 2066 | DO10: 2067 | DP10: 2068 | DQ10: 2069 | DR10: 2070
A11: 15-19 | B11: 303559 | C11: 311021 | D11: 319084 | E11: 327820 | F11: 337404 | G11: 347758 | H11: 358354 | I11: 368359 | J11: 378843 | K11: 390966 | L11: 402612 | M11: 413243 | N11: 423945 | O11: 434576 | P11: 444968 | Q11: 454800 | R11: 467440 | S11: 485789 | T11: 508102 | U11: 534325 | V11: 560889 | W11: 584147 | X11: 606347 | Y11: 630279 | Z11: 656271 | AA11: 682975 | AB11: 709105 | AC11: 734333 | AD11: 759863 | AE11: 785543 | AF11: 809424 | AG11: 831690 | AH11: 854935 | AI11: 879875 | AJ11: 905397 | AK11: 931032 | AL11: 956161 | AM11: 979294 | AN11: 999298 | AO11: 1014379 | AP11: 1022791 | AQ11: 1023849 | AR11: 1020483 | AS11: 1017834 | AT11: 1018331 | AU11: 1022016 | AV11: 1028225 | AW11: 1036663 | AX11: 1046283 | AY11: 1055899 | AZ11: 1064725 | BA11: 1072404 | BB11: 1080345 | BC11: 1089458 | BD11: 1100161 | BE11: 1114399 | BF11: 1130791 | BG11: 1143459 | BH11: 1148950 | BI11: 1148386 | BJ11: 1143818 | BK11: 1137229 | BL11: 1132383 | BM11: 1133779 | BN11: 1141309 | BO11: 1147235 | BP11: 1145233 | BQ11: 1136476 | BR11: 1126215 | BS11: 1119073 | BT11: =SUM(Pob_Mujeres!BT18:BT22) -> 5626471.4 | BU11: =SUM(Pob_Mujeres!BU18:BU22) -> 0 | BV11: =SUM(Pob_Mujeres!BV18:BV22) -> 0 | BW11: =SUM(Pob_Mujeres!BW18:BW22) -> 0 | BX11: =SUM(Pob_Mujeres!BX18:BX22) -> 0 | BY11: =SUM(Pob_Mujeres!BY18:BY22) -> 0 | BZ11: =SUM(Pob_Mujeres!BZ18:BZ22) -> 0 | CA11: =SUM(Pob_Mujeres!CA18:CA22) -> 0 | ... DR11: =SUM(Pob_Mujeres!DR18:DR22) -> 0
A12: 20-24 | B12: 294952 | C12: 301839 | D12: 309205 | E12: 317222 | F12: 325925 | G12: 335486 | H12: 345801 | I12: 356323 | J12: 366257 | K12: 376699 | L12: 388778 | M12: 400400 | N12: 411011 | O12: 421674 | P12: 432275 | Q12: 442596 | R12: 452300 | S12: 464788 | T12: 482933 | U12: 504994 | V12: 530940 | W12: 557233 | X12: 580265 | Y12: 602280 | Z12: 626082 | AA12: 651946 | AB12: 678458 | AC12: 704349 | AD12: 729506 | AE12: 755062 | AF12: 780698 | AG12: 804483 | AH12: 826638 | AI12: 849753 | AJ12: 874488 | AK12: 899618 | AL12: 924708 | AM12: 949217 | AN12: 971727 | AO12: 991204 | AP12: 1005838 | AQ12: 1013944 | AR12: 1014870 | AS12: 1011555 | AT12: 1009093 | AU12: 1009730 | AV12: 1013375 | AW12: 1019327 | AX12: 1027481 | AY12: 1036823 | AZ12: 1046710 | BA12: 1056901 | BB12: 1066037 | BC12: 1074838 | BD12: 1084195 | BE12: 1095714 | BF12: 1111526 | BG12: 1129444 | BH12: 1142433 | BI12: 1147368 | BJ12: 1146632 | BK12: 1141985 | BL12: 1135135 | BM12: 1130199 | BN12: 1131373 | BO12: 1138280 | BP12: 1144007 | BQ12: 1142376 | BR12: 1134195 | BS12: 1124230 | BT12: =SUM(Pob_Mujeres!BT23:BT27) -> 5579052.7 | BU12: =SUM(Pob_Mujeres!BU23:BU27) -> 0 | BV12: =SUM(Pob_Mujeres!BV23:BV27) -> 0 | BW12: =SUM(Pob_Mujeres!BW23:BW27) -> 0 | BX12: =SUM(Pob_Mujeres!BX23:BX27) -> 0 | BY12: =SUM(Pob_Mujeres!BY23:BY27) -> 0 | BZ12: =SUM(Pob_Mujeres!BZ23:BZ27) -> 0 | CA12: =SUM(Pob_Mujeres!CA23:CA27) -> 0 | ... DR12: =SUM(Pob_Mujeres!DR23:DR27) -> 0
A13: 25-29 | B13: 286519 | C13: 293031 | D13: 299808 | E13: 307114 | F13: 315088 | G13: 323760 | H13: 333272 | I13: 343498 | J13: 353933 | K13: 363817 | L13: 374214 | M13: 386257 | N13: 397847 | O13: 408413 | P13: 419033 | Q13: 429543 | R13: 439711 | S13: 449251 | T13: 461535 | U13: 479410 | V13: 501171 | W13: 526791 | X13: 552793 | Y13: 575599 | Z13: 597464 | AA13: 621115 | AB13: 646756 | AC13: 672983 | AD13: 698772 | AE13: 723939 | AF13: 749427 | AG13: 774937 | AH13: 798577 | AI13: 820576 | AJ13: 843456 | AK13: 867737 | AL13: 892227 | AM13: 916578 | AN13: 940337 | AO13: 962190 | AP13: 981102 | AQ13: 995291 | AR13: 1003132 | AS13: 1004065 | AT13: 1000973 | AU13: 998706 | AV13: 999323 | AW13: 1002690 | AX13: 1008294 | AY13: 1016071 | AZ13: 1025677 | BA13: 1037138 | BB13: 1049006 | BC13: 1059073 | BD13: 1067995 | BE13: 1078143 | BF13: 1091421 | BG13: 1108985 | BH13: 1127449 | BI13: 1140014 | BJ13: 1144895 | BK13: 1144217 | BL13: 1139420 | BM13: 1132553 | BN13: 1127416 | BO13: 1127933 | BP13: 1134621 | BQ13: 1140754 | BR13: 1139758 | BS13: 1131894 | BT13: =SUM(Pob_Mujeres!BT28:BT32) -> 5486199.7 | BU13: =SUM(Pob_Mujeres!BU28:BU32) -> 0 | BV13: =SUM(Pob_Mujeres!BV28:BV32) -> 0 | BW13: =SUM(Pob_Mujeres!BW28:BW32) -> 0 | BX13: =SUM(Pob_Mujeres!BX28:BX32) -> 0 | BY13: =SUM(Pob_Mujeres!BY28:BY32) -> 0 | BZ13: =SUM(Pob_Mujeres!BZ28:BZ32) -> 0 | CA13: =SUM(Pob_Mujeres!CA28:CA32) -> 0 | ... DR13: =SUM(Pob_Mujeres!DR28:DR32) -> 0
A14: 30-34 | B14: 278253 | C14: 284453 | D14: 290847 | E14: 297559 | F14: 304819 | G14: 312760 | H14: 321380 | I14: 330798 | J14: 340930 | K14: 351303 | L14: 361136 | M14: 371500 | N14: 383503 | O14: 395036 | P14: 405550 | Q14: 416067 | R14: 426410 | S14: 436395 | T14: 445730 | U14: 457762 | V14: 475341 | W14: 496778 | X14: 522082 | Y14: 547809 | Z14: 570436 | AA14: 592143 | AB14: 615560 | AC14: 640903 | AD14: 667004 | AE14: 692784 | AF14: 717877 | AG14: 743220 | AH14: 768536 | AI14: 791987 | AJ14: 813733 | AK14: 836132 | AL14: 859719 | AM14: 883405 | AN14: 906935 | AO14: 929965 | AP14: 951168 | AQ14: 969522 | AR14: 983334 | AS14: 991099 | AT14: 992235 | AU14: 989370 | AV14: 987116 | AW14: 987466 | AX14: 990439 | AY14: 995560 | AZ14: 1003553 | BA14: 1014829 | BB14: 1028070 | BC14: 1040871 | BD14: 1050927 | BE14: 1060611 | BF14: 1072665 | BG14: 1087889 | BH14: 1106176 | BI14: 1124310 | BJ14: 1136897 | BK14: 1141943 | BL14: 1141209 | BM14: 1136452 | BN14: 1129379 | BO14: 1123535 | BP14: 1123841 | BQ14: 1130980 | BR14: 1137795 | BS14: 1137118 | BT14: =SUM(Pob_Mujeres!BT33:BT37) -> 5105439.2 | BU14: =SUM(Pob_Mujeres!BU33:BU37) -> 0 | BV14: =SUM(Pob_Mujeres!BV33:BV37) -> 0 | BW14: =SUM(Pob_Mujeres!BW33:BW37) -> 0 | BX14: =SUM(Pob_Mujeres!BX33:BX37) -> 0 | BY14: =SUM(Pob_Mujeres!BY33:BY37) -> 0 | BZ14: =SUM(Pob_Mujeres!BZ33:BZ37) -> 0 | CA14: =SUM(Pob_Mujeres!CA33:CA37) -> 0 | ... DR14: =SUM(Pob_Mujeres!DR33:DR37) -> 0
A15: 35-39 | B15: 269906 | C15: 276110 | D15: 282191 | E15: 288523 | F15: 295194 | G15: 302425 | H15: 310315 | I15: 318842 | J15: 328168 | K15: 338236 | L15: 348548 | M15: 358348 | N15: 368681 | O15: 380620 | P15: 392089 | Q15: 402495 | R15: 412842 | S15: 422997 | T15: 432764 | U15: 441864 | V15: 453641 | W15: 470922 | X15: 492073 | Y15: 517103 | Z15: 542609 | AA15: 565066 | AB15: 586551 | AC15: 609679 | AD15: 634895 | AE15: 660979 | AF15: 686663 | AG15: 711599 | AH15: 736742 | AI15: 761846 | AJ15: 785013 | AK15: 806274 | AL15: 827974 | AM15: 850749 | AN15: 873596 | AO15: 896377 | AP15: 918726 | AQ15: 939328 | AR15: 957236 | AS15: 970894 | AT15: 978787 | AU15: 980114 | AV15: 977279 | AW15: 974785 | AX15: 974714 | AY15: 977109 | AZ15: 982375 | BA15: 992034 | BB15: 1005098 | BC15: 1019240 | BD15: 1031926 | BE15: 1042721 | BF15: 1054413 | BG15: 1068547 | BH15: 1084592 | BI15: 1102579 | BJ15: 1120768 | BK15: 1133571 | BL15: 1138598 | BM15: 1137912 | BN15: 1132907 | BO15: 1125054 | BP15: 1118979 | BQ15: 1119784 | BR15: 1127664 | BS15: 1134804 | BT15: =SUM(Pob_Mujeres!BT38:BT42) -> 4691987.3 | BU15: =SUM(Pob_Mujeres!BU38:BU42) -> 0 | BV15: =SUM(Pob_Mujeres!BV38:BV42) -> 0 | BW15: =SUM(Pob_Mujeres!BW38:BW42) -> 0 | BX15: =SUM(Pob_Mujeres!BX38:BX42) -> 0 | BY15: =SUM(Pob_Mujeres!BY38:BY42) -> 0 | BZ15: =SUM(Pob_Mujeres!BZ38:BZ42) -> 0 | CA15: =SUM(Pob_Mujeres!CA38:CA42) -> 0 | ... DR15: =SUM(Pob_Mujeres!DR38:DR42) -> 0
A16: 40-44 | B16: 261037 | C16: 267745 | D16: 273834 | E16: 279864 | F16: 286164 | G16: 292814 | H16: 300000 | I16: 307802 | J16: 316244 | K16: 325510 | L16: 335515 | M16: 345789 | N16: 355561 | O16: 365842 | P16: 377712 | Q16: 389066 | R16: 399310 | S16: 409475 | T16: 419413 | U16: 428946 | V16: 437824 | W16: 449366 | X16: 466405 | Y16: 487323 | Z16: 512144 | AA16: 537456 | AB16: 559682 | AC16: 580904 | AD16: 603938 | AE16: 629132 | AF16: 655115 | AG16: 680636 | AH16: 705372 | AI16: 730297 | AJ16: 755099 | AK16: 777773 | AL16: 798364 | AM16: 819285 | AN16: 841252 | AO16: 863380 | AP16: 885502 | AQ16: 907250 | AR16: 927391 | AS16: 945096 | AT16: 958812 | AU16: 966812 | AV16: 968125 | AW16: 965057 | AX16: 962128 | AY16: 961412 | AZ16: 963879 | BA16: 970746 | BB16: 982127 | BC16: 996057 | BD16: 1010051 | BE16: 1023469 | BF16: 1036318 | BG16: 1050159 | BH16: 1065118 | BI16: 1080830 | BJ16: 1098870 | BK16: 1117265 | BL16: 1130026 | BM16: 1135066 | BN16: 1134058 | BO16: 1128147 | BP16: 1119984 | BQ16: 1114445 | BR16: 1116065 | BS16: 1124293 | BT16: =SUM(Pob_Mujeres!BT43:BT47) -> 4378353.5 | BU16: =SUM(Pob_Mujeres!BU43:BU47) -> 0 | BV16: =SUM(Pob_Mujeres!BV43:BV47) -> 0 | BW16: =SUM(Pob_Mujeres!BW43:BW47) -> 0 | BX16: =SUM(Pob_Mujeres!BX43:BX47) -> 0 | BY16: =SUM(Pob_Mujeres!BY43:BY47) -> 0 | BZ16: =SUM(Pob_Mujeres!BZ43:BZ47) -> 0 | CA16: =SUM(Pob_Mujeres!CA43:CA47) -> 0 | ... DR16: =SUM(Pob_Mujeres!DR43:DR47) -> 0
A17: 45-49 | B17: 251378 | C17: 258908 | D17: 265505 | E17: 271553 | F17: 277563 | G17: 283852 | H17: 290464 | I17: 297570 | J17: 305296 | K17: 313686 | L17: 322894 | M17: 332863 | N17: 343104 | O17: 352828 | P17: 363054 | Q17: 374812 | R17: 386009 | S17: 396085 | T17: 406044 | U17: 415758 | V17: 425083 | W17: 433765 | X17: 445131 | Y17: 461992 | Z17: 482750 | AA17: 507390 | AB17: 532459 | AC17: 554440 | AD17: 575589 | AE17: 598619 | AF17: 623718 | AG17: 649534 | AH17: 674855 | AI17: 699382 | AJ17: 724020 | AK17: 748337 | AL17: 770365 | AM17: 790229 | AN17: 810413 | AO17: 831716 | AP17: 853238 | AQ17: 874804 | AR17: 896107 | AS17: 916027 | AT17: 933734 | AU17: 947489 | AV17: 955403 | AW17: 956434 | AX17: 952901 | AY17: 949291 | AZ17: 948579 | BA17: 952535 | BB17: 961031 | BC17: 973247 | BD17: 987061 | BE17: 1001809 | BF17: 1017288 | BG17: 1032304 | BH17: 1046902 | BI17: 1061441 | BJ17: 1077170 | BK17: 1095379 | BL17: 1113672 | BM17: 1126380 | BN17: 1130989 | BO17: 1128928 | BP17: 1122596 | BQ17: 1114954 | BR17: 1110303 | BS17: 1112318 | BT17: =SUM(Pob_Mujeres!BT48:BT52) -> 4127756.2 | BU17: =SUM(Pob_Mujeres!BU48:BU52) -> 0 | BV17: =SUM(Pob_Mujeres!BV48:BV52) -> 0 | BW17: =SUM(Pob_Mujeres!BW48:BW52) -> 0 | BX17: =SUM(Pob_Mujeres!BX48:BX52) -> 0 | BY17: =SUM(Pob_Mujeres!BY48:BY52) -> 0 | BZ17: =SUM(Pob_Mujeres!BZ48:BZ52) -> 0 | CA17: =SUM(Pob_Mujeres!CA48:CA52) -> 0 | ... DR17: =SUM(Pob_Mujeres!DR48:DR52) -> 0
A19: Nacimientos mujeres | B19: 1950 | C19: 1951 | D19: 1952 | E19: 1953 | F19: 1954 | G19: 1955 | H19: 1956 | I19: 1957 | J19: 1958 | K19: 1959 | L19: 1960 | M19: 1961 | N19: 1962 | O19: 1963 | P19: 1964 | Q19: 1965 | R19: 1966 | S19: 1967 | T19: 1968 | U19: 1969 | V19: 1970 | W19: 1971 | X19: 1972 | Y19: 1973 | Z19: 1974 | AA19: 1975 | AB19: 1976 | AC19: 1977 | AD19: 1978 | AE19: 1979 | AF19: 1980 | AG19: 1981 | AH19: 1982 | AI19: 1983 | AJ19: 1984 | AK19: 1985 | AL19: 1986 | AM19: 1987 | AN19: 1988 | AO19: 1989 | AP19: 1990 | AQ19: 1991 | AR19: 1992 | AS19: 1993 | AT19: 1994 | AU19: 1995 | AV19: 1996 | AW19: 1997 | AX19: 1998 | AY19: 1999 | AZ19: 2000 | BA19: 2001 | BB19: 2002 | BC19: 2003 | BD19: 2004 | BE19: 2005 | BF19: 2006 | BG19: 2007 | BH19: 2008 | BI19: 2009 | BJ19: 2010 | BK19: 2011 | BL19: 2012 | BM19: 2013 | BN19: 2014 | BO19: 2015 | BP19: 2016 | BQ19: 2017 | BR19: 2018 | BS19: 2019 | BT19: 2020 | BU19: 2021 | BV19: 2022 | BW19: 2023 | BX19: 2024 | BY19: 2025 | BZ19: 2026 | CA19: 2027 | CB19: 2028 | CC19: 2029 | CD19: 2030 | CE19: 2031 | CF19: 2032 | CG19: 2033 | CH19: 2034 | CI19: 2035 | CJ19: 2036 | CK19: 2037 | CL19: 2038 | CM19: 2039 | CN19: 2040 | CO19: 2041 | CP19: 2042 | CQ19: 2043 | CR19: 2044 | CS19: 2045 | CT19: 2046 | CU19: 2047 | CV19: 2048 | CW19: 2049 | CX19: 2050 | CY19: 2051 | CZ19: 2052 | DA19: 2053 | DB19: 2054 | DC19: 2055 | DD19: 2056 | DE19: 2057 | DF19: 2058 | DG19: 2059 | DH19: 2060 | DI19: 2061 | DJ19: 2062 | DK19: 2063 | DL19: 2064 | DM19: 2065 | DN19: 2066 | DO19: 2067 | DP19: 2068 | DQ19: 2069 | DR19: 2070
A20: 15-19 | B20: 103358.05 | C20: 105590.73 | D20: 108175.12 | E20: 111556.59 | F20: 115449.27 | G20: 119251.71 | H20: 122763.9 | I20: 126140 | J20: 129567.8 | K20: 133348.78 | L20: 137178.05 | M20: 140699.02 | N20: 143667.32 | O20: 146100.49 | P20: 148048.78 | Q20: 149357.56 | R20: 150195.12 | S20: 151145.85 | T20: 153103.9 | U20: 157276.1 | V20: 164103.41 | W20: 172853.17 | X20: 182147.32 | Y20: 191132.2 | Z20: 199390.73 | AA20: 206568.78 | AB20: 212336.1 | AC20: 216547.8 | AD20: 219219.02 | AE20: 220499.51 | AF20: 220447.32 | AG20: 219100.98 | AH20: 216777.07 | AI20: 213901.95 | AJ20: 211165.85 | AK20: 209211.22 | AL20: 208417.56 | AM20: 208925.37 | AN20: 210456.1 | AO20: 212566.34 | AP20: 214782.44 | AQ20: 216466.83 | AR20: 216944.88 | AS20: 215882.93 | AT20: 213802.44 | AU20: 211646.34 | AV20: 210218.54 | AW20: 209566.34 | AX20: 209237.07 | AY20: 208909.76 | AZ20: 208654.15 | BA20: 208491.22 | BB20: 208255.61 | BC20: 207668.29 | BD20: 206943.9 | BE20: 206898.54 | BF20: 208293.17 | BG20: 211039.02 | BH20: 214318.05 | BI20: 216933.66 | BJ20: 218036.1 | BK20: 217166.83 | BL20: 214481.46 | BM20: 210603.9 | BN20: 205768.29 | BO20: 199916.1 | BP20: 193070.24 | BQ20: 188003.41 | BR20: 184546.83 | BS20: 179351.71 | BT20: =((BT11+BU11)/2)*(100/205)*BT2 -> 0
A21: 20-24 | B21: 167955.61 | C21: 173106.83 | D21: 179814.63 | E21: 186830.24 | F21: 193705.37 | G21: 199708.29 | H21: 205497.07 | I21: 212371.22 | J21: 220930.24 | K21: 229341.46 | L21: 236294.15 | M21: 241935.12 | N21: 247942.44 | O21: 255082.93 | P21: 263537.56 | Q21: 270880.98 | R21: 277532.2 | S21: 284183.9 | T21: 290801.46 | U21: 296727.32 | V21: 301798.54 | W21: 306300.98 | X21: 311787.8 | Y21: 317532.68 | Z21: 323546.34 | AA21: 329214.15 | AB21: 332995.61 | AC21: 335060.49 | AD21: 336719.51 | AE21: 340162.93 | AF21: 345519.02 | AG21: 352574.15 | AH21: 360728.29 | AI21: 367170.73 | AJ21: 372278.05 | AK21: 374891.71 | AL21: 375832.2 | AM21: 377173.17 | AN21: 379360 | AO21: 383340 | AP21: 387093.66 | AQ21: 389990.24 | AR21: 390409.27 | AS21: 389473.66 | AT21: 387221.46 | AU21: 382824.39 | AV21: 377299.51 | AW21: 372563.9 | AX21: 370597.56 | AY21: 369469.76 | AZ21: 365520.98 | BA21: 358997.07 | BB21: 352245.85 | BC21: 346468.78 | BD21: 343157.56 | BE21: 341948.78 | BF21: 343618.05 | BG21: 347599.02 | BH21: 351960 | BI21: 354979.02 | BJ21: 355624.88 | BK21: 353367.8 | BL21: 349529.27 | BM21: 346314.63 | BN21: 342754.63 | BO21: 335423.41 | BP21: 323039.02 | BQ21: 310997.07 | BR21: 303140 | BS21: 295938.05
A22: 25-29 | B22: 150943.41 | C22: 154092.2 | D22: 158535.12 | E22: 163994.63 | F22: 170070.73 | G22: 176279.51 | H22: 181472.68 | I22: 186542.93 | J22: 193102.44 | K22: 200459.51 | L22: 208254.63 | M22: 215222.44 | N22: 222489.76 | O22: 229716.1 | P22: 237418.05 | Q22: 244964.39 | R22: 252595.12 | S22: 260768.29 | T22: 268510.24 | U22: 274481.46 | V22: 279013.66 | W22: 281504.88 | X22: 283198.05 | Y22: 282387.8 | Z22: 278351.22 | AA22: 272052.68 | AB22: 265448.29 | AC22: 262114.15 | AD22: 263014.63 | AE22: 266660.98 | AF22: 271135.12 | AG22: 275326.83 | AH22: 280160.49 | AI22: 285947.8 | AJ22: 292639.02 | AK22: 297892.2 | AL22: 301939.51 | AM22: 305365.37 | AN22: 308886.34 | AO22: 312915.12 | AP22: 316142.44 | AQ22: 318175.61 | AR22: 317805.85 | AS22: 316130.73 | AT22: 314513.66 | AU22: 312095.61 | AV22: 310066.34 | AW22: 309019.51 | AX22: 309951.71 | AY22: 313402.44 | AZ22: 314022.93 | BA22: 310832.68 | BB22: 303862.93 | BC22: 297151.22 | BD22: 292218.54 | BE22: 289236.1 | BF22: 287606.83 | BG22: 286764.39 | BH22: 286219.51 | BI22: 285280.49 | BJ22: 283011.71 | BK22: 279935.12 | BL22: 276165.85 | BM22: 274338.54 | BN22: 274423.41 | BO22: 274542.44 | BP22: 273349.76 | BQ22: 272720 | BR22: 274574.63 | BS22: 274380.49
A23: 30-34 | B23: 107163.9 | C23: 109344.88 | D23: 112619.02 | E23: 116677.07 | F23: 121140.49 | G23: 125523.9 | H23: 129088.29 | I23: 132653.66 | J23: 137188.29 | K23: 141976.1 | L23: 147836.59 | M23: 154428.78 | N23: 160750.24 | O23: 166474.15 | P23: 170120.49 | Q23: 171814.15 | R23: 174039.51 | S23: 177600 | T23: 182627.8 | U23: 187580.98 | V23: 191313.17 | W23: 193540.98 | X23: 195755.12 | Y23: 198010.24 | Z23: 198633.17 | AA23: 197177.56 | AB23: 192098.54 | AC23: 185740.98 | AD23: 179927.8 | AE23: 175300 | AF23: 171987.8 | AG23: 170271.22 | AH23: 170839.02 | AI23: 173474.63 | AJ23: 176825.37 | AK23: 180434.63 | AL23: 182743.41 | AM23: 184490.24 | AN23: 186430.24 | AO23: 188598.54 | AP23: 191319.51 | AQ23: 193549.76 | AR23: 195474.15 | AS23: 196013.17 | AT23: 194616.59 | AU23: 192576.1 | AV23: 189324.39 | AW23: 187912.68 | AX23: 189017.07 | AY23: 191632.2 | AZ23: 193035.61 | BA23: 193084.39 | BB23: 192934.15 | BC23: 193856.1 | BD23: 195376.1 | BE23: 195992.2 | BF23: 195541.95 | BG23: 194157.56 | BH23: 191951.22 | BI23: 188569.27 | BJ23: 184003.41 | BK23: 179791.71 | BL23: 176511.22 | BM23: 175710.73 | BN23: 175836.1 | BO23: 176456.1 | BP23: 175626.83 | BQ23: 176101.95 | BR23: 179362.93 | BS23: 182989.27
A24: 35-39 | B24: 70792.195 | C24: 71133.659 | D24: 72219.024 | E24: 73950.244 | F24: 76170.732 | G24: 78625.854 | H24: 80840.488 | I24: 83179.024 | J24: 86165.854 | K24: 89282.439 | L24: 92509.268 | M24: 95237.561 | N24: 97774.146 | O24: 100559.02 | P24: 103361.95 | Q24: 106548.78 | R24: 110082.93 | S24: 113546.83 | T24: 116618.05 | U24: 118544.39 | V24: 119646.83 | W24: 120885.85 | X24: 122417.56 | Y24: 122801.95 | Z24: 121642.44 | AA24: 118839.02 | AB24: 115730.73 | AC24: 112363.9 | AD24: 109111.71 | AE24: 105853.66 | AF24: 103560.49 | AG24: 102379.51 | AH24: 101267.32 | AI24: 99700.976 | AJ24: 97978.537 | AK24: 96635.122 | AL24: 95673.171 | AM24: 94725.854 | AN24: 93238.049 | AO24: 92296.098 | AP24: 92374.634 | AQ24: 92575.61 | AR24: 92229.756 | AS24: 90956.585 | AT24: 89440.976 | AU24: 88644.39 | AV24: 88507.317 | AW24: 88856.585 | AX24: 89598.049 | AY24: 89775.122 | AZ24: 89171.707 | BA24: 87792.683 | BB24: 86184.878 | BC24: 85442.927 | BD24: 85348.78 | BE24: 86084.39 | BF24: 87140 | BG24: 88382.439 | BH24: 88751.22 | BI24: 88059.512 | BJ24: 86574.634 | BK24: 84938.537 | BL24: 83781.463 | BM24: 83348.78 | BN24: 82554.146 | BO24: 81261.463 | BP24: 79997.561 | BQ24: 80765.854 | BR24: 84470.244 | BS24: 89664.878
A25: 40-44 | B25: 21257.073 | C25: 21575.61 | D25: 21929.756 | E25: 22262.439 | F25: 22574.634 | G25: 22920 | H25: 23330.244 | I25: 23805.854 | J25: 24336.585 | K25: 24937.073 | L25: 25634.634 | M25: 26420 | N25: 27245.854 | O25: 28060 | P25: 28841.463 | Q25: 29601.463 | R25: 30356.585 | S25: 31194.146 | T25: 32152.683 | U25: 33231.707 | V25: 34424.878 | W25: 35627.805 | X25: 36718.049 | Y25: 37586.829 | Z25: 38116.585 | AA25: 38201.951 | AB25: 37862.927 | AC25: 37206.829 | AD25: 36366.341 | AE25: 35435.61 | AF25: 34468.293 | AG25: 33488.78 | AH25: 32552.683 | AI25: 31704.878 | AJ25: 30925.854 | AK25: 30161.951 | AL25: 29432.683 | AM25: 28821.463 | AN25: 28356.098 | AO25: 27951.707 | AP25: 27537.073 | AQ25: 27160.976 | AR25: 26907.805 | AS25: 26704.878 | AT25: 26470.244 | AU25: 26207.317 | AV25: 25925.854 | AW25: 25624.878 | AX25: 25257.561 | AY25: 24771.22 | AZ25: 24267.805 | BA25: 23882.927 | BB25: 23625.854 | BC25: 23330.732 | BD25: 22917.073 | BE25: 22457.561 | BF25: 22007.317 | BG25: 21585.366 | BH25: 21175.122 | BI25: 20765.366 | BJ25: 20468.293 | BK25: 20348.293 | BL25: 20319.512 | BM25: 20300.976 | BN25: 20279.512 | BO25: 20281.463 | BP25: 20256.585 | BQ25: 20492.195 | BR25: 21120 | BS25: 22239.512
A26: 45-49 | B26: 2644.3902 | C26: 2698.5366 | D26: 2755.6098 | E26: 2811.7073 | F26: 2866.3415 | G26: 2923.9024 | H26: 2981.9512 | I26: 3036.5854 | J26: 3083.9024 | K26: 3126.3415 | L26: 3169.7561 | M26: 3218.5366 | N26: 3272.6829 | O26: 3332.1951 | P26: 3398.5366 | Q26: 3475.122 | R26: 3562.439 | S26: 3664.3902 | T26: 3779.5122 | U26: 3903.4146 | V26: 4031.2195 | W26: 4155.6098 | X26: 4282.439 | Y26: 4412.6829 | Z26: 4543.4146 | AA26: 4669.7561 | AB26: 4788.7805 | AC26: 4903.4146 | AD26: 5028.7805 | AE26: 5171.2195 | AF26: 5320 | AG26: 5463.4146 | AH26: 5592.6829 | AI26: 5696.5854 | AJ26: 5759.0244 | AK26: 5768.2927 | AL26: 5721.9512 | AM26: 5620.9756 | AN26: 5477.0732 | AO26: 5306.8293 | AP26: 5120.9756 | AQ26: 4942.439 | AR26: 4774.1463 | AS26: 4594.6341 | AT26: 4391.7073 | AU26: 4183.9024 | AV26: 3980.4878 | AW26: 3781.9512 | AX26: 3576.0976 | AY26: 3364.3902 | AZ26: 3170.7317 | BA26: 3018.0488 | BB26: 2885.3659 | BC26: 2746.8293 | BD26: 2613.6585 | BE26: 2525.3659 | BF26: 2473.6585 | BG26: 2412.1951 | BH26: 2308.7805 | BI26: 2163.9024 | BJ26: 2013.1707 | BK26: 1885.8537 | BL26: 1757.561 | BM26: 1618.5366 | BN26: 1501.9512 | BO26: 1458.5366 | BP26: 1480.9756 | BQ26: 1552.1951 | BR26: 1693.1707 | BS26: 2008.7805
A27: Total | B27: =SUM(B20:B26) -> 624114.63 | C27: =SUM(C20:C26) -> 637542.44 | D27: =SUM(D20:D26) -> 656048.29 | E27: =SUM(E20:E26) -> 678082.93 | F27: =SUM(F20:F26) -> 701977.56 | G27: =SUM(G20:G26) -> 725233.17 | H27: =SUM(H20:H26) -> 745974.63 | I27: =SUM(I20:I26) -> 767729.27 | ... DR27: =SUM(DR20:DR26) -> 0
A29: Nacimientos hombres | B29: 1950 | C29: 1951 | D29: 1952 | E29: 1953 | F29: 1954 | G29: 1955 | H29: 1956 | I29: 1957 | J29: 1958 | K29: 1959 | L29: 1960 | M29: 1961 | N29: 1962 | O29: 1963 | P29: 1964 | Q29: 1965 | R29: 1966 | S29: 1967 | T29: 1968 | U29: 1969 | V29: 1970 | W29: 1971 | X29: 1972 | Y29: 1973 | Z29: 1974 | AA29: 1975 | AB29: 1976 | AC29: 1977 | AD29: 1978 | AE29: 1979 | AF29: 1980 | AG29: 1981 | AH29: 1982 | AI29: 1983 | AJ29: 1984 | AK29: 1985 | AL29: 1986 | AM29: 1987 | AN29: 1988 | AO29: 1989 | AP29: 1990 | AQ29: 1991 | AR29: 1992 | AS29: 1993 | AT29: 1994 | AU29: 1995 | AV29: 1996 | AW29: 1997 | AX29: 1998 | AY29: 1999 | AZ29: 2000 | BA29: 2001 | BB29: 2002 | BC29: 2003 | BD29: 2004 | BE29: 2005 | BF29: 2006 | BG29: 2007 | BH29: 2008 | BI29: 2009 | BJ29: 2010 | BK29: 2011 | BL29: 2012 | BM29: 2013 | BN29: 2014 | BO29: 2015 | BP29: 2016 | BQ29: 2017 | BR29: 2018 | BS29: 2019 | BT29: 2020 | BU29: 2021 | BV29: 2022 | BW29: 2023 | BX29: 2024 | BY29: 2025 | BZ29: 2026 | CA29: 2027 | CB29: 2028 | CC29: 2029 | CD29: 2030 | CE29: 2031 | CF29: 2032 | CG29: 2033 | CH29: 2034 | CI29: 2035 | CJ29: 2036 | CK29: 2037 | CL29: 2038 | CM29: 2039 | CN29: 2040 | CO29: 2041 | CP29: 2042 | CQ29: 2043 | CR29: 2044 | CS29: 2045 | CT29: 2046 | CU29: 2047 | CV29: 2048 | CW29: 2049 | CX29: 2050 | CY29: 2051 | CZ29: 2052 | DA29: 2053 | DB29: 2054 | DC29: 2055 | DD29: 2056 | DE29: 2057 | DF29: 2058 | DG29: 2059 | DH29: 2060 | DI29: 2061 | DJ29: 2062 | DK29: 2063 | DL29: 2064 | DM29: 2065 | DN29: 2066 | DO29: 2067 | DP29: 2068 | DQ29: 2069 | DR29: 2070
A30: 15-19 | B30: 108525.95 | C30: 110870.27 | D30: 113583.88 | E30: 117134.41 | F30: 121221.73 | G30: 125214.29 | H30: 128902.1 | I30: 132447 | J30: 136046.2 | K30: 140016.22 | L30: 144036.95 | M30: 147733.98 | N30: 150850.68 | O30: 153405.51 | P30: 155451.22 | Q30: 156825.44 | R30: 157704.88 | S30: 158703.15 | T30: 160759.1 | U30: 165139.9 | V30: 172308.59 | W30: 181495.83 | X30: 191254.68 | Y30: 200688.8 | Z30: 209360.27 | AA30: 216897.22 | AB30: 222952.9 | AC30: 227375.2 | AD30: 230179.98 | AE30: 231524.49 | AF30: 231469.68 | AG30: 230056.02 | AH30: 227615.93 | AI30: 224597.05 | AJ30: 221724.15 | AK30: 219671.78 | AL30: 218838.44 | AM30: 219371.63 | AN30: 220978.9 | AO30: 223194.66 | AP30: 225521.56 | AQ30: 227290.17 | AR30: 227792.12 | AS30: 226677.07 | AT30: 224492.56 | AU30: 222228.66 | AV30: 220729.46 | AW30: 220044.66 | AX30: 219698.93 | AY30: 219355.24 | AZ30: 219086.85 | BA30: 218915.78 | BB30: 218668.39 | BC30: 218051.71 | BD30: 217291.1 | BE30: 217243.46 | BF30: 218707.83 | BG30: 221590.98 | BH30: 225033.95 | BI30: 227780.34 | BJ30: 228937.9 | BK30: 228025.17 | BL30: 225205.54 | BM30: 221134.1 | BN30: 216056.71 | BO30: 209911.9 | BP30: 202723.76 | BQ30: 197403.59 | BR30: 193774.17 | BS30: 188319.29
A31: 20-24 | B31: 176353.39 | C31: 181762.17 | D31: 188805.37 | E31: 196171.76 | F31: 203390.63 | G31: 209693.71 | H31: 215771.93 | I31: 222989.78 | J31: 231976.76 | K31: 240808.54 | L31: 248108.85 | M31: 254031.88 | N31: 260339.56 | O31: 267837.07 | P31: 276714.44 | Q31: 284425.02 | R31: 291408.8 | S31: 298393.1 | T31: 305341.54 | U31: 311563.68 | V31: 316888.46 | W31: 321616.02 | X31: 327377.2 | Y31: 333409.32 | Z31: 339723.66 | AA31: 345674.85 | AB31: 349645.39 | AC31: 351813.51 | AD31: 353555.49 | AE31: 357171.07 | AF31: 362794.98 | AG31: 370202.85 | AH31: 378764.71 | AI31: 385529.27 | AJ31: 390891.95 | AK31: 393636.29 | AL31: 394623.8 | AM31: 396031.83 | AN31: 398328 | AO31: 402507 | AP31: 406448.34 | AQ31: 409489.76 | AR31: 409929.73 | AS31: 408947.34 | AT31: 406582.54 | AU31: 401965.61 | AV31: 396164.49 | AW31: 391192.1 | AX31: 389127.44 | AY31: 387943.24 | AZ31: 383797.02 | BA31: 376946.93 | BB31: 369858.15 | BC31: 363792.22 | BD31: 360315.44 | BE31: 359046.22 | BF31: 360798.95 | BG31: 364978.98 | BH31: 369558 | BI31: 372727.98 | BJ31: 373406.12 | BK31: 371036.2 | BL31: 367005.73 | BM31: 363630.37 | BN31: 359892.37 | BO31: 352194.59 | BP31: 339190.98 | BQ31: 326546.93 | BR31: 318297 | BS31: 310734.95
A32: 25-29 | B32: 158490.59 | C32: 161796.8 | D32: 166461.88 | E32: 172194.37 | F32: 178574.27 | G32: 185093.49 | H32: 190546.32 | I32: 195870.07 | J32: 202757.56 | K32: 210482.49 | L32: 218667.37 | M32: 225983.56 | N32: 233614.24 | O32: 241201.9 | P32: 249288.95 | Q32: 257212.61 | R32: 265224.88 | S32: 273806.71 | T32: 281935.76 | U32: 288205.54 | V32: 292964.34 | W32: 295580.12 | X32: 297357.95 | Y32: 296507.2 | Z32: 292268.78 | AA32: 285655.32 | AB32: 278720.71 | AC32: 275219.85 | AD32: 276165.37 | AE32: 279994.02 | AF32: 284691.88 | AG32: 289093.17 | AH32: 294168.51 | AI32: 300245.2 | AJ32: 307270.98 | AK32: 312786.8 | AL32: 317036.49 | AM32: 320633.63 | AN32: 324330.66 | AO32: 328560.88 | AP32: 331949.56 | AQ32: 334084.39 | AR32: 333696.15 | AS32: 331937.27 | AT32: 330239.34 | AU32: 327700.39 | AV32: 325569.66 | AW32: 324470.49 | AX32: 325449.29 | AY32: 329072.56 | AZ32: 329724.07 | BA32: 326374.32 | BB32: 319056.07 | BC32: 312008.78 | BD32: 306829.46 | BE32: 303697.9 | BF32: 301987.17 | BG32: 301102.61 | BH32: 300530.49 | BI32: 299544.51 | BJ32: 297162.29 | BK32: 293931.88 | BL32: 289974.15 | BM32: 288055.46 | BN32: 288144.59 | BO32: 288269.56 | BP32: 287017.24 | BQ32: 286356 | BR32: 288303.37 | BS32: 288099.51
A33: 30-34 | B33: 112522.1 | C33: 114812.12 | D33: 118249.98 | E33: 122510.93 | F33: 127197.51 | G33: 131800.1 | H33: 135542.71 | I33: 139286.34 | J33: 144047.71 | K33: 149074.9 | L33: 155228.41 | M33: 162150.22 | N33: 168787.76 | O33: 174797.85 | P33: 178626.51 | Q33: 180404.85 | R33: 182741.49 | S33: 186480 | T33: 191759.2 | U33: 196960.02 | V33: 200878.83 | W33: 203218.02 | X33: 205542.88 | Y33: 207910.76 | Z33: 208564.83 | AA33: 207036.44 | AB33: 201703.46 | AC33: 195028.02 | AD33: 188924.2 | AE33: 184065 | AF33: 180587.2 | AG33: 178784.78 | AH33: 179380.98 | AI33: 182148.37 | AJ33: 185666.63 | AK33: 189456.37 | AL33: 191880.59 | AM33: 193714.76 | AN33: 195751.76 | AO33: 198028.46 | AP33: 200885.49 | AQ33: 203227.24 | AR33: 205247.85 | AS33: 205813.83 | AT33: 204347.41 | AU33: 202204.9 | AV33: 198790.61 | AW33: 197308.32 | AX33: 198467.93 | AY33: 201213.8 | AZ33: 202687.39 | BA33: 202738.61 | BB33: 202580.85 | BC33: 203548.9 | BD33: 205144.9 | BE33: 205791.8 | BF33: 205319.05 | BG33: 203865.44 | BH33: 201548.78 | BI33: 197997.73 | BJ33: 193203.59 | BK33: 188781.29 | BL33: 185336.78 | BM33: 184496.27 | BN33: 184627.9 | BO33: 185278.9 | BP33: 184408.17 | BQ33: 184907.05 | BR33: 188331.07 | BS33: 192138.73
A34: 35-39 | B34: 74331.805 | C34: 74690.341 | D34: 75829.976 | E34: 77647.756 | F34: 79979.268 | G34: 82557.146 | H34: 84882.512 | I34: 87337.976 | J34: 90474.146 | K34: 93746.561 | L34: 97134.732 | M34: 99999.439 | N34: 102662.85 | O34: 105586.98 | P34: 108530.05 | Q34: 111876.22 | R34: 115587.07 | S34: 119224.17 | T34: 122448.95 | U34: 124471.61 | V34: 125629.17 | W34: 126930.15 | X34: 128538.44 | Y34: 128942.05 | Z34: 127724.56 | AA34: 124780.98 | AB34: 121517.27 | AC34: 117982.1 | AD34: 114567.29 | AE34: 111146.34 | AF34: 108738.51 | AG34: 107498.49 | AH34: 106330.68 | AI34: 104686.02 | AJ34: 102877.46 | AK34: 101466.88 | AL34: 100456.83 | AM34: 99462.146 | AN34: 97899.951 | AO34: 96910.902 | AP34: 96993.366 | AQ34: 97204.39 | AR34: 96841.244 | AS34: 95504.415 | AT34: 93913.024 | AU34: 93076.61 | AV34: 92932.683 | AW34: 93299.415 | AX34: 94077.951 | AY34: 94263.878 | AZ34: 93630.293 | BA34: 92182.317 | BB34: 90494.122 | BC34: 89715.073 | BD34: 89616.22 | BE34: 90388.61 | BF34: 91497 | BG34: 92801.561 | BH34: 93188.78 | BI34: 92462.488 | BJ34: 90903.366 | BK34: 89185.463 | BL34: 87970.537 | BM34: 87516.22 | BN34: 86681.854 | BO34: 85324.537 | BP34: 83997.439 | BQ34: 84804.146 | BR34: 88693.756 | BS34: 94148.122
A35: 40-44 | B35: 22319.927 | C35: 22654.39 | D35: 23026.244 | E35: 23375.561 | F35: 23703.366 | G35: 24066 | H35: 24496.756 | I35: 24996.146 | J35: 25553.415 | K35: 26183.927 | L35: 26916.366 | M35: 27741 | N35: 28608.146 | O35: 29463 | P35: 30283.537 | Q35: 31081.537 | R35: 31874.415 | S35: 32753.854 | T35: 33760.317 | U35: 34893.293 | V35: 36146.122 | W35: 37409.195 | X35: 38553.951 | Y35: 39466.171 | Z35: 40022.415 | AA35: 40112.049 | AB35: 39756.073 | AC35: 39067.171 | AD35: 38184.659 | AE35: 37207.39 | AF35: 36191.707 | AG35: 35163.22 | AH35: 34180.317 | AI35: 33290.122 | AJ35: 32472.146 | AK35: 31670.049 | AL35: 30904.317 | AM35: 30262.537 | AN35: 29773.902 | AO35: 29349.293 | AP35: 28913.927 | AQ35: 28519.024 | AR35: 28253.195 | AS35: 28040.122 | AT35: 27793.756 | AU35: 27517.683 | AV35: 27222.146 | AW35: 26906.122 | AX35: 26520.439 | AY35: 26009.78 | AZ35: 25481.195 | BA35: 25077.073 | BB35: 24807.146 | BC35: 24497.268 | BD35: 24062.927 | BE35: 23580.439 | BF35: 23107.683 | BG35: 22664.634 | BH35: 22233.878 | BI35: 21803.634 | BJ35: 21491.707 | BK35: 21365.707 | BL35: 21335.488 | BM35: 21316.024 | BN35: 21293.488 | BO35: 21295.537 | BP35: 21269.415 | BQ35: 21516.805 | BR35: 22176 | BS35: 23351.488
A36: 45-49 | B36: 2776.6098 | C36: 2833.4634 | D36: 2893.3902 | E36: 2952.2927 | F36: 3009.6585 | G36: 3070.0976 | H36: 3131.0488 | I36: 3188.4146 | J36: 3238.0976 | K36: 3282.6585 | L36: 3328.2439 | M36: 3379.4634 | N36: 3436.3171 | O36: 3498.8049 | P36: 3568.4634 | Q36: 3648.878 | R36: 3740.561 | S36: 3847.6098 | T36: 3968.4878 | U36: 4098.5854 | V36: 4232.7805 | W36: 4363.3902 | X36: 4496.561 | Y36: 4633.3171 | Z36: 4770.5854 | AA36: 4903.2439 | AB36: 5028.2195 | AC36: 5148.5854 | AD36: 5280.2195 | AE36: 5429.7805 | AF36: 5586 | AG36: 5736.5854 | AH36: 5872.3171 | AI36: 5981.4146 | AJ36: 6046.9756 | AK36: 6056.7073 | AL36: 6008.0488 | AM36: 5902.0244 | AN36: 5750.9268 | AO36: 5572.1707 | AP36: 5377.0244 | AQ36: 5189.561 | AR36: 5012.8537 | AS36: 4824.3659 | AT36: 4611.2927 | AU36: 4393.0976 | AV36: 4179.5122 | AW36: 3971.0488 | AX36: 3754.9024 | AY36: 3532.6098 | AZ36: 3329.2683 | BA36: 3168.9512 | BB36: 3029.6341 | BC36: 2884.1707 | BD36: 2744.3415 | BE36: 2651.6341 | BF36: 2597.3415 | BG36: 2532.8049 | BH36: 2424.2195 | BI36: 2272.0976 | BJ36: 2113.8293 | BK36: 1980.1463 | BL36: 1845.439 | BM36: 1699.4634 | BN36: 1577.0488 | BO36: 1531.4634 | BP36: 1555.0244 | BQ36: 1629.8049 | BR36: 1777.8293 | BS36: 2109.2195
A37: Total | B37: =SUM(B30:B36) -> 655320.37 | C37: =SUM(C30:C36) -> 669419.56 | D37: =SUM(D30:D36) -> 688850.71 | E37: =SUM(E30:E36) -> 711987.07 | F37: =SUM(F30:F36) -> 737076.44 | G37: =SUM(G30:G36) -> 761494.83 | H37: =SUM(H30:H36) -> 783273.37 | I37: =SUM(I30:I36) -> 806115.73 | ... DR37: =SUM(DR30:DR36) -> 0
